ISO_code,year,countries,region,hf_score,hf_rank,hf_quartile
ALB,2017,Albania,Eastern Europe,7.84,38,1
DZA,2017,Algeria,Middle East & North Africa,4.99,155,4
AGO,2017,Angola,Sub-Saharan Africa,5.4,151,4
ARG,2017,Argentina,Latin America & the Caribbean,6.86,77,2
ARM,2017,Armenia,Caucasus & Central Asia,7.42,54,2
AUS,2017,Australia,Oceania,8.62,5,1
AUT,2017,Austria,Western Europe,8.48,13,1
AZE,2017,Azerbaijan,Caucasus & Central Asia,6.22,121,3
BHS,2017,Bahamas,Latin America & the Caribbean,7.56,48,2
BHR,2017,Bahrain,Middle East & North Africa,6.63,95,3
BGD,2017,Bangladesh,South Asia,5.77,138,4
BRD,2017,Barbados,Latin America & the Caribbean,7.02,66,2
BLR,2017,Belarus,Eastern Europe,6.65,92,3
BEL,2017,Belgium,Western Europe,8.29,23,1
BLZ,2017,Belize,Latin America & the Caribbean,6.95,68,2
BEN,2017,Benin,Sub-Saharan Africa,6.77,85,3
BTN,2017,Bhutan,South Asia,6.53,105,3
BOL,2017,Bolivia,Latin America & the Caribbean,6.61,97,3
BIH,2017,Bosnia and Herzegovina,Eastern Europe,7.37,55,2
BWA,2017,Botswana,Sub-Saharan Africa,7.17,60,2
BRA,2017,Brazil,Latin America & the Caribbean,6.48,109,3
BRN,2017,Brunei Darussalam,South Asia,5.69,140,4
BGR,2017,Bulgaria,Eastern Europe,7.79,39,1
BFA,2017,Burkina Faso,Sub-Saharan Africa,6.73,90,3
BDI,2017,Burundi,Sub-Saharan Africa,5.56,145,4
KHM,2017,Cambodia,South Asia,7.13,63,2
CMR,2017,Cameroon,Sub-Saharan Africa,5.64,143,4
CAN,2017,Canada,North America,8.65,4,1
CPV,2017,Cape Verde,Sub-Saharan Africa,7.45,52,2
CAF,2017,Central Afr. Rep.,Sub-Saharan Africa,5.41,150,4
TCD,2017,Chad,Sub-Saharan Africa,5.46,147,4
CHL,2017,Chile,Latin America & the Caribbean,8.15,28,1
CHN,2017,China,East Asia,6.17,126,4
COL,2017,Colombia,Latin America & the Caribbean,6.93,71,2
COD,2017,"Congo, Dem. R.",Sub-Saharan Africa,5.36,152,4
COG,2017,"Congo, Rep. Of",Sub-Saharan Africa,5.8,137,4
CRI,2017,Costa Rica,Latin America & the Caribbean,7.7,43,2
CIV,2017,C?te d'Ivoire,Sub-Saharan Africa,6.59,101,3
HRV,2017,Croatia,Eastern Europe,7.86,37,1
CYP,2017,Cyprus,Eastern Europe,7.93,36,1
CZE,2017,Czech Rep.,Eastern Europe,8.34,21,1
DNK,2017,Denmark,Western Europe,8.56,6,1
DOM,2017,Dominican Rep.,Latin America & the Caribbean,6.95,68,2
ECU,2017,Ecuador,Latin America & the Caribbean,6.82,82,2
EGY,2017,Egypt,Middle East & North Africa,4.5,157,4
SLV,2017,El Salvador,Latin America & the Caribbean,6.89,75,2
EST,2017,Estonia,Eastern Europe,8.46,15,1
SWZ,2017,Eswatini,Sub-Saharan Africa,6.4,111,3
ETH,2017,Ethiopia,Sub-Saharan Africa,5.25,153,4
FJI,2017,Fiji,Oceania,7.17,60,2
FIN,2017,Finland,Western Europe,8.53,8,1
FRA,2017,France,Western Europe,8.02,33,1
GAB,2017,Gabon,Sub-Saharan Africa,5.99,132,4
GMB,2017,"Gambia, The",Sub-Saharan Africa,5.94,135,4
GEO,2017,Georgia,Caucasus & Central Asia,7.74,41,1
DEU,2017,Germany,Western Europe,8.53,8,1
GHA,2017,Ghana,Sub-Saharan Africa,6.94,70,2
GRC,2017,Greece,Eastern Europe,7.33,57,2
GTM,2017,Guatemala,Latin America & the Caribbean,7.07,65,2
GIN,2017,Guinea,Sub-Saharan Africa,5.61,144,4
GNB,2017,Guinea-Bissau,Sub-Saharan Africa,6.07,130,4
GUY,2017,Guyana,Latin America & the Caribbean,6.74,88,3
HTI,2017,Haiti,Latin America & the Caribbean,6.71,91,3
HND,2017,Honduras,Latin America & the Caribbean,6.81,84,3
HKG,2017,Hong Kong,East Asia,8.81,3,1
HUN,2017,Hungary,Eastern Europe,7.65,45,2
ISL,2017,Iceland,Western Europe,8.41,18,1
IND,2017,India,South Asia,6.64,94,3
IDN,2017,Indonesia,South Asia,6.83,81,2
IRN,2017,Iran,Middle East & North Africa,5.1,154,4
IRQ,2017,Iraq,Middle East & North Africa,4.34,158,4
IRL,2017,Ireland,Western Europe,8.52,10,1
ISR,2017,Israel,Middle East & North Africa,7.61,46,2
ITA,2017,Italy,Western Europe,8.04,32,1
JAM,2017,Jamaica,Latin America & the Caribbean,7.2,59,2
JPN,2017,Japan,East Asia,8.28,25,1
JOR,2017,Jordan,Middle East & North Africa,6.84,80,2
KAZ,2017,Kazakhstan,Caucasus & Central Asia,6.9,73,2
KEN,2017,Kenya,Sub-Saharan Africa,6.85,79,2
KOR,2017,"Korea, South",East Asia,8.2,27,1
KWT,2017,Kuwait,Middle East & North Africa,6.19,124,4
KGZ,2017,Kyrgyz Republic,Caucasus & Central Asia,6.98,67,2
LAO,2017,Laos,South Asia,6.2,123,4
LVA,2017,Latvia,Eastern Europe,8.29,23,1
LBN,2017,Lebanon,Middle East & North Africa,6.74,88,3
LSO,2017,Lesotho,Sub-Saharan Africa,6.54,104,3
LBR,2017,Liberia,Sub-Saharan Africa,6.35,113,3
LBY,2017,Libya,Middle East & North Africa,4.64,156,4
LTU,2017,Lithuania,Eastern Europe,8.32,22,1
LUX,2017,Luxembourg,Western Europe,8.56,6,1
MDG,2017,Madagascar,Sub-Saharan Africa,6.32,115,3
MWI,2017,Malawi,Sub-Saharan Africa,6.6,99,3
MYS,2017,Malaysia,South Asia,6.52,106,3
MLI,2017,Mali,Sub-Saharan Africa,6.03,131,4
MLT,2017,Malta,Western Europe,8.37,20,1
MRT,2017,Mauritania,Sub-Saharan Africa,5.47,146,4
MUS,2017,Mauritius,Sub-Saharan Africa,7.52,50,2
MEX,2017,Mexico,Latin America & the Caribbean,6.65,92,3
MDA,2017,Moldova,Eastern Europe,6.93,71,2
MNG,2017,Mongolia,East Asia,7.61,46,2
MNE,2017,Montenegro,Eastern Europe,7.43,53,2
MAR,2017,Morocco,Middle East & North Africa,6.18,125,4
MOZ,2017,Mozambique,Sub-Saharan Africa,6.24,120,3
MMR,2017,Myanmar,South Asia,5.44,148,4
NAM,2017,Namibia,Sub-Saharan Africa,6.75,87,3
NPL,2017,Nepal,South Asia,6.51,107,3
NLD,2017,Netherlands,Western Europe,8.5,11,1
NZL,2017,New Zealand,Oceania,8.88,1,1
NIC,2017,Nicaragua,Latin America & the Caribbean,6.86,77,2
NER,2017,Niger,Sub-Saharan Africa,5.87,136,4
NGA,2017,Nigeria,Sub-Saharan Africa,6.38,112,3
MKD,2017,North Macedonia,Eastern Europe,7.34,56,2
NOR,2017,Norway,Western Europe,8.44,17,1
OMN,2017,Oman,Middle East & North Africa,5.98,134,4
PAK,2017,Pakistan,South Asia,5.69,140,4
PAN,2017,Panama,Latin America & the Caribbean,7.69,44,2
PNG,2017,Pap. New Guinea,Oceania,6.6,99,3
PRY,2017,Paraguay,Latin America & the Caribbean,6.9,73,2
PER,2017,Peru,Latin America & the Caribbean,7.55,49,2
PHL,2017,Philippines,South Asia,6.88,76,2
POL,2017,Poland,Eastern Europe,7.78,40,1
PRT,2017,Portugal,Western Europe,8.27,26,1
QAT,2017,Qatar,Middle East & North Africa,6.15,127,4
ROU,2017,Romania,Eastern Europe,8.11,30,1
RUS,2017,Russia,Eastern Europe,6.34,114,3
RWA,2017,Rwanda,Sub-Saharan Africa,6.82,82,3
SAU,2017,Saudi Arabia,Middle East & North Africa,5.42,149,4
SEN,2017,Senegal,Sub-Saharan Africa,6.57,102,3
SRB,2017,Serbia,Eastern Europe,7.3,58,2
SYC,2017,Seychelles,Sub-Saharan Africa,7.16,62,2
SLE,2017,Sierra Leone,Sub-Saharan Africa,5.99,132,4
SGP,2017,Singapore,South Asia,8.11,30,1
SVK,2017,Slovak Rep.,Eastern Europe,8.02,33,1
SVN,2017,Slovenia,Eastern Europe,7.97,35,1
ZAF,2017,South Africa,Sub-Saharan Africa,7.08,64,2
ESP,2017,Spain,Western Europe,8.12,29,1
LKA,2017,Sri Lanka,South Asia,6.41,110,3
SDN,2017,Sudan,Sub-Saharan Africa,4.32,159,4
SUR,2017,Suriname,Latin America & the Caribbean,7.48,51,2
SWE,2017,Sweden,Western Europe,8.5,11,1
CHE,2017,Switzerland,Western Europe,8.82,2,1
SYR,2017,Syria,Middle East & North Africa,3.79,162,4
TWN,2017,Taiwan,East Asia,8.4,19,1
TJK,2017,Tajikistan,Caucasus & Central Asia,5.77,138,4
TZA,2017,Tanzania,Sub-Saharan Africa,6.26,118,3
THA,2017,Thailand,South Asia,6.55,103,3
TLS,2017,Timor-Leste,South Asia,6.76,86,3
TGO,2017,Togo,Sub-Saharan Africa,6.31,116,3
TTO,2017,Trinidad and Tobago,Latin America & the Caribbean,6.62,96,3
TUN,2017,Tunisia,Middle East & North Africa,6.08,129,4
TUR,2017,Turkey,Middle East & North Africa,6.21,122,3
UGA,2017,Uganda,Sub-Saharan Africa,6.61,97,3
UKR,2017,Ukraine,Eastern Europe,6.26,118,3
ARE,2017,United Arab Emirates,Middle East & North Africa,6.13,128,4
GBR,2017,United Kingdom,Western Europe,8.47,14,1
USA,2017,United States,North America,8.46,15,1
URY,2017,Uruguay,Latin America & the Caribbean,7.74,41,2
VEN,2017,Venezuela,Latin America & the Caribbean,3.8,161,4
VNM,2017,Vietnam,South Asia,6.29,117,3
YEM,2017,"Yemen, Rep.",Middle East & North Africa,4.3,160,4
ZMB,2017,Zambia,Sub-Saharan Africa,6.49,108,3
ZWE,2017,Zimbabwe,Sub-Saharan Africa,5.65,142,4
ALB,2016,Albania,Eastern Europe,7.67,45,2
DZA,2016,Algeria,Middle East & North Africa,5.22,153,4
AGO,2016,Angola,Sub-Saharan Africa,5.89,137,4
ARG,2016,Argentina,Latin America & the Caribbean,6.75,85,3
ARM,2016,Armenia,Caucasus & Central Asia,7.44,53,2
AUS,2016,Australia,Oceania,8.62,4,1
AUT,2016,Austria,Western Europe,8.47,16,1
AZE,2016,Azerbaijan,Caucasus & Central Asia,6.07,127,4
BHS,2016,Bahamas,Latin America & the Caribbean,7.6,50,2
BHR,2016,Bahrain,Middle East & North Africa,6.65,94,3
BGD,2016,Bangladesh,South Asia,5.7,139,4
BRD,2016,Barbados,Latin America & the Caribbean,7.21,61,2
BLR,2016,Belarus,Eastern Europe,6.16,122,3
BEL,2016,Belgium,Western Europe,8.22,27,1
BLZ,2016,Belize,Latin America & the Caribbean,7.14,64,2
BEN,2016,Benin,Sub-Saharan Africa,6.67,93,3
BTN,2016,Bhutan,South Asia,6.57,100,3
BOL,2016,Bolivia,Latin America & the Caribbean,6.65,94,3
BIH,2016,Bosnia and Herzegovina,Eastern Europe,7.39,54,2
BWA,2016,Botswana,Sub-Saharan Africa,7.08,67,2
BRA,2016,Brazil,Latin America & the Caribbean,6.28,116,3
BRN,2016,Brunei Darussalam,South Asia,5.99,133,4
BGR,2016,Bulgaria,Eastern Europe,7.78,40,1
BFA,2016,Burkina Faso,Sub-Saharan Africa,6.63,97,3
BDI,2016,Burundi,Sub-Saharan Africa,5.39,150,4
KHM,2016,Cambodia,South Asia,7.33,57,2
CMR,2016,Cameroon,Sub-Saharan Africa,5.68,142,4
CAN,2016,Canada,North America,8.6,5,1
CPV,2016,Cape Verde,Sub-Saharan Africa,7.64,48,2
CAF,2016,Central Afr. Rep.,Sub-Saharan Africa,5.45,148,4
TCD,2016,Chad,Sub-Saharan Africa,5.11,154,4
CHL,2016,Chile,Latin America & the Caribbean,8,34,1
CHN,2016,China,East Asia,6.02,130,4
COL,2016,Colombia,Latin America & the Caribbean,6.83,80,2
COD,2016,"Congo, Dem. R.",Sub-Saharan Africa,5.56,147,4
COG,2016,"Congo, Rep. Of",Sub-Saharan Africa,5.61,143,4
CRI,2016,Costa Rica,Latin America & the Caribbean,7.79,39,1
CIV,2016,C?te d'Ivoire,Sub-Saharan Africa,6.56,101,3
HRV,2016,Croatia,Eastern Europe,7.72,43,2
CYP,2016,Cyprus,Eastern Europe,8.09,31,1
CZE,2016,Czech Rep.,Eastern Europe,8.38,21,1
DNK,2016,Denmark,Western Europe,8.52,9,1
DOM,2016,Dominican Rep.,Latin America & the Caribbean,7.06,68,2
ECU,2016,Ecuador,Latin America & the Caribbean,6.89,76,2
EGY,2016,Egypt,Middle East & North Africa,4.49,156,4
SLV,2016,El Salvador,Latin America & the Caribbean,7,69,2
EST,2016,Estonia,Eastern Europe,8.48,15,1
SWZ,2016,Eswatini,Sub-Saharan Africa,6.28,116,3
ETH,2016,Ethiopia,Sub-Saharan Africa,5.23,152,4
FJI,2016,Fiji,Oceania,7.28,59,2
FIN,2016,Finland,Western Europe,8.51,12,1
FRA,2016,France,Western Europe,8.04,33,1
GAB,2016,Gabon,Sub-Saharan Africa,5.69,141,4
GMB,2016,"Gambia, The",Sub-Saharan Africa,6.09,126,4
GEO,2016,Georgia,Caucasus & Central Asia,7.65,46,2
DEU,2016,Germany,Western Europe,8.55,7,1
GHA,2016,Ghana,Sub-Saharan Africa,7.1,65,2
GRC,2016,Greece,Eastern Europe,7.25,60,2
GTM,2016,Guatemala,Latin America & the Caribbean,7.1,65,2
GIN,2016,Guinea,Sub-Saharan Africa,5.6,145,4
GNB,2016,Guinea-Bissau,Sub-Saharan Africa,5.97,136,4
GUY,2016,Guyana,Latin America & the Caribbean,6.69,91,3
HTI,2016,Haiti,Latin America & the Caribbean,6.83,80,2
HND,2016,Honduras,Latin America & the Caribbean,6.71,88,3
HKG,2016,Hong Kong,East Asia,8.74,3,1
HUN,2016,Hungary,Eastern Europe,7.76,41,1
ISL,2016,Iceland,Western Europe,8.39,20,1
IND,2016,India,South Asia,6.54,102,3
IDN,2016,Indonesia,South Asia,6.93,75,2
IRN,2016,Iran,Middle East & North Africa,5.11,154,4
IRQ,2016,Iraq,Middle East & North Africa,4.28,159,4
IRL,2016,Ireland,Western Europe,8.54,8,1
ISR,2016,Israel,Middle East & North Africa,7.87,37,1
ITA,2016,Italy,Western Europe,8.05,32,1
JAM,2016,Jamaica,Latin America & the Caribbean,7.17,62,2
JPN,2016,Japan,East Asia,8.3,23,1
JOR,2016,Jordan,Middle East & North Africa,6.94,74,2
KAZ,2016,Kazakhstan,Caucasus & Central Asia,6.75,85,3
KEN,2016,Kenya,Sub-Saharan Africa,6.98,71,2
KOR,2016,"Korea, South",East Asia,8.26,25,1
KWT,2016,Kuwait,Middle East & North Africa,6.15,124,4
KGZ,2016,Kyrgyz Republic,Caucasus & Central Asia,6.81,82,2
LAO,2016,Laos,South Asia,6.22,121,3
LVA,2016,Latvia,Eastern Europe,8.3,23,1
LBN,2016,Lebanon,Middle East & North Africa,6.78,83,3
LSO,2016,Lesotho,Sub-Saharan Africa,6.58,99,3
LBR,2016,Liberia,Sub-Saharan Africa,6.36,110,3
LBY,2016,Libya,Middle East & North Africa,4.48,157,4
LTU,2016,Lithuania,Eastern Europe,8.35,22,1
LUX,2016,Luxembourg,Western Europe,8.52,9,1
MDG,2016,Madagascar,Sub-Saharan Africa,6.51,104,3
MWI,2016,Malawi,Sub-Saharan Africa,6.65,94,3
MYS,2016,Malaysia,South Asia,6.52,103,3
MLI,2016,Mali,Sub-Saharan Africa,5.98,135,4
MLT,2016,Malta,Western Europe,8.45,17,1
MRT,2016,Mauritania,Sub-Saharan Africa,5.36,151,4
MUS,2016,Mauritius,Sub-Saharan Africa,7.75,42,2
MEX,2016,Mexico,Latin America & the Caribbean,6.78,83,3
MDA,2016,Moldova,Eastern Europe,6.88,77,2
MNG,2016,Mongolia,East Asia,7.7,44,2
MNE,2016,Montenegro,Eastern Europe,7.34,56,2
MAR,2016,Morocco,Middle East & North Africa,6.25,118,3
MOZ,2016,Mozambique,Sub-Saharan Africa,6.05,129,4
MMR,2016,Myanmar,South Asia,5.58,146,4
NAM,2016,Namibia,Sub-Saharan Africa,6.88,77,2
NPL,2016,Nepal,South Asia,6.59,98,3
NLD,2016,Netherlands,Western Europe,8.57,6,1
NZL,2016,New Zealand,Oceania,8.9,1,1
NIC,2016,Nicaragua,Latin America & the Caribbean,6.72,87,3
NER,2016,Niger,Sub-Saharan Africa,5.7,139,4
NGA,2016,Nigeria,Sub-Saharan Africa,6.36,110,3
MKD,2016,North Macedonia,Eastern Europe,7.38,55,2
NOR,2016,Norway,Western Europe,8.51,12,1
OMN,2016,Oman,Middle East & North Africa,6,132,4
PAK,2016,Pakistan,South Asia,5.61,143,4
PAN,2016,Panama,Latin America & the Caribbean,7.65,46,2
PNG,2016,Pap. New Guinea,Oceania,6.71,88,3
PRY,2016,Paraguay,Latin America & the Caribbean,6.97,73,2
PER,2016,Peru,Latin America & the Caribbean,7.58,51,2
PHL,2016,Philippines,South Asia,6.98,71,2
POL,2016,Poland,Eastern Europe,7.8,38,1
PRT,2016,Portugal,Western Europe,8.25,26,1
QAT,2016,Qatar,Middle East & North Africa,6.24,119,3
ROU,2016,Romania,Eastern Europe,8.14,29,1
RUS,2016,Russia,Eastern Europe,6.24,119,3
RWA,2016,Rwanda,Sub-Saharan Africa,6.87,79,2
SAU,2016,Saudi Arabia,Middle East & North Africa,5.41,149,4
SEN,2016,Senegal,Sub-Saharan Africa,6.44,107,3
SRB,2016,Serbia,Eastern Europe,7.33,57,2
SYC,2016,Seychelles,Sub-Saharan Africa,7.54,52,2
SLE,2016,Sierra Leone,Sub-Saharan Africa,6.01,131,4
SGP,2016,Singapore,South Asia,8.1,30,1
SVK,2016,Slovak Rep.,Eastern Europe,7.99,35,1
SVN,2016,Slovenia,Eastern Europe,7.96,36,1
ZAF,2016,South Africa,Sub-Saharan Africa,6.99,70,2
ESP,2016,Spain,Western Europe,8.17,28,1
LKA,2016,Sri Lanka,South Asia,6.45,106,3
SDN,2016,Sudan,Sub-Saharan Africa,4.44,158,4
SUR,2016,Suriname,Latin America & the Caribbean,7.17,62,2
SWE,2016,Sweden,Western Europe,8.5,14,1
CHE,2016,Switzerland,Western Europe,8.79,2,1
SYR,2016,Syria,Middle East & North Africa,3.69,162,4
TWN,2016,Taiwan,East Asia,8.45,17,1
TJK,2016,Tajikistan,Caucasus & Central Asia,5.99,133,4
TZA,2016,Tanzania,Sub-Saharan Africa,6.36,110,3
THA,2016,Thailand,South Asia,6.49,105,3
TLS,2016,Timor-Leste,South Asia,6.4,108,3
TGO,2016,Togo,Sub-Saharan Africa,6.36,110,3
TTO,2016,Trinidad and Tobago,Latin America & the Caribbean,6.68,92,3
TUN,2016,Tunisia,Middle East & North Africa,6.13,125,4
TUR,2016,Turkey,Middle East & North Africa,6.29,114,3
UGA,2016,Uganda,Sub-Saharan Africa,6.71,88,3
UKR,2016,Ukraine,Eastern Europe,6.16,122,4
ARE,2016,United Arab Emirates,Middle East & North Africa,6.29,114,3
GBR,2016,United Kingdom,Western Europe,8.52,9,1
USA,2016,United States,North America,8.45,17,1
URY,2016,Uruguay,Latin America & the Caribbean,7.64,48,2
VEN,2016,Venezuela,Latin America & the Caribbean,4.13,161,4
VNM,2016,Vietnam,South Asia,6.06,128,4
YEM,2016,"Yemen, Rep.",Middle East & North Africa,4.19,160,4
ZMB,2016,Zambia,Sub-Saharan Africa,6.39,109,3
ZWE,2016,Zimbabwe,Sub-Saharan Africa,5.72,138,4
ALB,2015,Albania,Eastern Europe,7.58,51,2
DZA,2015,Algeria,Middle East & North Africa,5.04,153,4
AGO,2015,Angola,Sub-Saharan Africa,5.79,137,4
ARG,2015,Argentina,Latin America & the Caribbean,6.54,102,3
ARM,2015,Armenia,Caucasus & Central Asia,7.34,57,2
AUS,2015,Australia,Oceania,8.61,5,1
AUT,2015,Austria,Western Europe,8.56,11,1
AZE,2015,Azerbaijan,Caucasus & Central Asia,5.97,130,4
BHS,2015,Bahamas,Latin America & the Caribbean,7.63,49,2
BHR,2015,Bahrain,Middle East & North Africa,6.66,92,3
BGD,2015,Bangladesh,South Asia,5.75,138,4
BRD,2015,Barbados,Latin America & the Caribbean,7.25,61,2
BLR,2015,Belarus,Eastern Europe,,,
BEL,2015,Belgium,Western Europe,8.37,20,1
BLZ,2015,Belize,Latin America & the Caribbean,6.95,72,2
BEN,2015,Benin,Sub-Saharan Africa,6.67,90,3
BTN,2015,Bhutan,South Asia,6.74,84,3
BOL,2015,Bolivia,Latin America & the Caribbean,6.64,95,3
BIH,2015,Bosnia and Herzegovina,Eastern Europe,7.3,60,2
BWA,2015,Botswana,Sub-Saharan Africa,7,69,2
BRA,2015,Brazil,Latin America & the Caribbean,6.21,119,3
BRN,2015,Brunei Darussalam,South Asia,5.89,133,4
BGR,2015,Bulgaria,Eastern Europe,7.82,41,2
BFA,2015,Burkina Faso,Sub-Saharan Africa,6.56,101,3
BDI,2015,Burundi,Sub-Saharan Africa,5.13,150,4
KHM,2015,Cambodia,South Asia,7.4,55,2
CMR,2015,Cameroon,Sub-Saharan Africa,5.42,145,4
CAN,2015,Canada,North America,8.57,9,1
CPV,2015,Cape Verde,Sub-Saharan Africa,7.81,43,2
CAF,2015,Central Afr. Rep.,Sub-Saharan Africa,5.12,151,4
TCD,2015,Chad,Sub-Saharan Africa,5.4,146,4
CHL,2015,Chile,Latin America & the Caribbean,8.02,35,1
CHN,2015,China,East Asia,5.91,132,4
COL,2015,Colombia,Latin America & the Caribbean,6.81,78,2
COD,2015,"Congo, Dem. R.",Sub-Saharan Africa,5.29,148,4
COG,2015,"Congo, Rep. Of",Sub-Saharan Africa,5.8,136,4
CRI,2015,Costa Rica,Latin America & the Caribbean,7.84,39,1
CIV,2015,C?te d'Ivoire,Sub-Saharan Africa,6.4,110,3
HRV,2015,Croatia,Eastern Europe,7.8,44,2
CYP,2015,Cyprus,Eastern Europe,8.17,29,1
CZE,2015,Czech Rep.,Eastern Europe,8.36,21,1
DNK,2015,Denmark,Western Europe,8.6,6,1
DOM,2015,Dominican Rep.,Latin America & the Caribbean,6.97,70,2
ECU,2015,Ecuador,Latin America & the Caribbean,6.77,82,3
EGY,2015,Egypt,Middle East & North Africa,4.49,155,4
SLV,2015,El Salvador,Latin America & the Caribbean,7.07,67,2
EST,2015,Estonia,Eastern Europe,8.46,16,1
SWZ,2015,Eswatini,Sub-Saharan Africa,6.32,114,3
ETH,2015,Ethiopia,Sub-Saharan Africa,5.08,152,4
FJI,2015,Fiji,Oceania,7.15,64,2
FIN,2015,Finland,Western Europe,8.59,8,1
FRA,2015,France,Western Europe,8.08,32,1
GAB,2015,Gabon,Sub-Saharan Africa,5.6,142,4
GMB,2015,"Gambia, The",Sub-Saharan Africa,6.09,123,4
GEO,2015,Georgia,Caucasus & Central Asia,7.88,38,1
DEU,2015,Germany,Western Europe,8.57,9,1
GHA,2015,Ghana,Sub-Saharan Africa,6.96,71,2
GRC,2015,Greece,Eastern Europe,7.32,59,2
GTM,2015,Guatemala,Latin America & the Caribbean,7.13,65,2
GIN,2015,Guinea,Sub-Saharan Africa,5.46,144,4
GNB,2015,Guinea-Bissau,Sub-Saharan Africa,6.06,125,4
GUY,2015,Guyana,Latin America & the Caribbean,6.72,85,3
HTI,2015,Haiti,Latin America & the Caribbean,6.85,77,2
HND,2015,Honduras,Latin America & the Caribbean,6.81,78,2
HKG,2015,Hong Kong,East Asia,8.82,2,1
HUN,2015,Hungary,Eastern Europe,7.84,39,1
ISL,2015,Iceland,Western Europe,8.22,26,1
IND,2015,India,South Asia,6.49,106,3
IDN,2015,Indonesia,South Asia,6.78,80,3
IRN,2015,Iran,Middle East & North Africa,5.01,154,4
IRQ,2015,Iraq,Middle East & North Africa,,,
IRL,2015,Ireland,Western Europe,8.68,4,1
ISR,2015,Israel,Middle East & North Africa,7.66,48,2
ITA,2015,Italy,Western Europe,8.09,31,1
JAM,2015,Jamaica,Latin America & the Caribbean,7.18,63,2
JPN,2015,Japan,East Asia,8.3,24,1
JOR,2015,Jordan,Middle East & North Africa,6.91,74,2
KAZ,2015,Kazakhstan,Caucasus & Central Asia,6.77,82,3
KEN,2015,Kenya,Sub-Saharan Africa,6.69,87,3
KOR,2015,"Korea, South",East Asia,8.21,27,1
KWT,2015,Kuwait,Middle East & North Africa,5.89,133,4
KGZ,2015,Kyrgyz Republic,Caucasus & Central Asia,6.47,108,3
LAO,2015,Laos,South Asia,6.24,118,3
LVA,2015,Latvia,Eastern Europe,8.33,22,1
LBN,2015,Lebanon,Middle East & North Africa,6.54,102,3
LSO,2015,Lesotho,Sub-Saharan Africa,6.65,94,3
LBR,2015,Liberia,Sub-Saharan Africa,6.48,107,3
LBY,2015,Libya,Middle East & North Africa,4.48,156,4
LTU,2015,Lithuania,Eastern Europe,8.38,19,1
LUX,2015,Luxembourg,Western Europe,8.56,11,1
MDG,2015,Madagascar,Sub-Saharan Africa,6.59,97,3
MWI,2015,Malawi,Sub-Saharan Africa,6.58,98,3
MYS,2015,Malaysia,South Asia,6.67,90,3
MLI,2015,Mali,Sub-Saharan Africa,5.93,131,4
MLT,2015,Malta,Western Europe,8.48,15,1
MRT,2015,Mauritania,Sub-Saharan Africa,5.34,147,4
MUS,2015,Mauritius,Sub-Saharan Africa,7.82,41,2
MEX,2015,Mexico,Latin America & the Caribbean,6.88,76,2
MDA,2015,Moldova,Eastern Europe,6.78,80,2
MNG,2015,Mongolia,East Asia,7.67,47,2
MNE,2015,Montenegro,Eastern Europe,7.54,52,2
MAR,2015,Morocco,Middle East & North Africa,6.16,120,3
MOZ,2015,Mozambique,Sub-Saharan Africa,6.1,122,4
MMR,2015,Myanmar,South Asia,5.49,143,4
NAM,2015,Namibia,Sub-Saharan Africa,6.94,73,2
NPL,2015,Nepal,South Asia,6.72,85,3
NLD,2015,Netherlands,Western Europe,8.56,11,1
NZL,2015,New Zealand,Oceania,8.89,1,1
NIC,2015,Nicaragua,Latin America & the Caribbean,6.68,88,3
NER,2015,Niger,Sub-Saharan Africa,5.61,141,4
NGA,2015,Nigeria,Sub-Saharan Africa,6.03,128,4
MKD,2015,North Macedonia,Eastern Europe,7.33,58,2
NOR,2015,Norway,Western Europe,8.31,23,1
OMN,2015,Oman,Middle East & North Africa,6.05,127,4
PAK,2015,Pakistan,South Asia,5.65,140,4
PAN,2015,Panama,Latin America & the Caribbean,7.69,46,2
PNG,2015,Pap. New Guinea,Oceania,6.68,88,3
PRY,2015,Paraguay,Latin America & the Caribbean,6.9,75,2
PER,2015,Peru,Latin America & the Caribbean,7.61,50,2
PHL,2015,Philippines,South Asia,7.11,66,2
POL,2015,Poland,Eastern Europe,8.02,35,1
PRT,2015,Portugal,Western Europe,8.28,25,1
QAT,2015,Qatar,Middle East & North Africa,6.32,114,3
ROU,2015,Romania,Eastern Europe,8.17,29,1
RUS,2015,Russia,Eastern Europe,6.09,123,4
RWA,2015,Rwanda,Sub-Saharan Africa,7.01,68,2
SAU,2015,Saudi Arabia,Middle East & North Africa,5.25,149,4
SEN,2015,Senegal,Sub-Saharan Africa,6.37,112,3
SRB,2015,Serbia,Eastern Europe,7.35,56,2
SYC,2015,Seychelles,Sub-Saharan Africa,7.53,53,2
SLE,2015,Sierra Leone,Sub-Saharan Africa,6.29,116,3
SGP,2015,Singapore,South Asia,8.08,32,1
SVK,2015,Slovak Rep.,Eastern Europe,7.98,37,1
SVN,2015,Slovenia,Eastern Europe,8.06,34,1
ZAF,2015,South Africa,Sub-Saharan Africa,7.24,62,2
ESP,2015,Spain,Western Europe,8.2,28,1
LKA,2015,Sri Lanka,South Asia,6.39,111,3
SDN,2015,Sudan,Sub-Saharan Africa,,,
SUR,2015,Suriname,Latin America & the Caribbean,7.44,54,2
SWE,2015,Sweden,Western Europe,8.6,6,1
CHE,2015,Switzerland,Western Europe,8.81,3,1
SYR,2015,Syria,Middle East & North Africa,3.83,159,4
TWN,2015,Taiwan,East Asia,8.4,18,1
TJK,2015,Tajikistan,Caucasus & Central Asia,5.99,129,4
TZA,2015,Tanzania,Sub-Saharan Africa,6.43,109,3
THA,2015,Thailand,South Asia,6.58,98,3
TLS,2015,Timor-Leste,South Asia,6.53,104,3
TGO,2015,Togo,Sub-Saharan Africa,6.25,117,3
TTO,2015,Trinidad and Tobago,Latin America & the Caribbean,6.58,98,3
TUN,2015,Tunisia,Middle East & North Africa,6.34,113,3
TUR,2015,Turkey,Middle East & North Africa,6.66,92,3
UGA,2015,Uganda,Sub-Saharan Africa,6.63,96,3
UKR,2015,Ukraine,Eastern Europe,5.88,135,4
ARE,2015,United Arab Emirates,Middle East & North Africa,6.16,120,4
GBR,2015,United Kingdom,Western Europe,8.55,14,1
USA,2015,United States,North America,8.44,17,1
URY,2015,Uruguay,Latin America & the Caribbean,7.71,45,2
VEN,2015,Venezuela,Latin America & the Caribbean,4.08,158,4
VNM,2015,Vietnam,South Asia,6.06,125,4
YEM,2015,"Yemen, Rep.",Middle East & North Africa,4.21,157,4
ZMB,2015,Zambia,Sub-Saharan Africa,6.51,105,3
ZWE,2015,Zimbabwe,Sub-Saharan Africa,5.73,139,4
ALB,2014,Albania,Eastern Europe,7.69,44,2
DZA,2014,Algeria,Middle East & North Africa,5.2,151,4
AGO,2014,Angola,Sub-Saharan Africa,5.44,147,4
ARG,2014,Argentina,Latin America & the Caribbean,6.27,116,3
ARM,2014,Armenia,Caucasus & Central Asia,7.43,55,2
AUS,2014,Australia,Oceania,8.69,5,1
AUT,2014,Austria,Western Europe,8.58,10,1
AZE,2014,Azerbaijan,Caucasus & Central Asia,6.12,128,4
BHS,2014,Bahamas,Latin America & the Caribbean,7.59,50,2
BHR,2014,Bahrain,Middle East & North Africa,6.62,94,3
BGD,2014,Bangladesh,South Asia,5.83,136,4
BRD,2014,Barbados,Latin America & the Caribbean,7.34,58,2
BLR,2014,Belarus,Eastern Europe,,,
BEL,2014,Belgium,Western Europe,8.42,18,1
BLZ,2014,Belize,Latin America & the Caribbean,6.94,71,2
BEN,2014,Benin,Sub-Saharan Africa,6.9,74,2
BTN,2014,Bhutan,South Asia,6.81,82,3
BOL,2014,Bolivia,Latin America & the Caribbean,6.71,87,3
BIH,2014,Bosnia and Herzegovina,Eastern Europe,7.5,53,2
BWA,2014,Botswana,Sub-Saharan Africa,6.98,69,2
BRA,2014,Brazil,Latin America & the Caribbean,6.45,109,3
BRN,2014,Brunei Darussalam,South Asia,5.99,132,4
BGR,2014,Bulgaria,Eastern Europe,7.87,42,2
BFA,2014,Burkina Faso,Sub-Saharan Africa,6.57,99,3
BDI,2014,Burundi,Sub-Saharan Africa,5.49,143,4
KHM,2014,Cambodia,South Asia,7.26,61,2
CMR,2014,Cameroon,Sub-Saharan Africa,5.73,139,4
CAN,2014,Canada,North America,8.74,4,1
CPV,2014,Cape Verde,Sub-Saharan Africa,7.61,48,2
CAF,2014,Central Afr. Rep.,Sub-Saharan Africa,5.25,150,4
TCD,2014,Chad,Sub-Saharan Africa,5.51,142,4
CHL,2014,Chile,Latin America & the Caribbean,8.05,35,1
CHN,2014,China,East Asia,6.02,131,4
COL,2014,Colombia,Latin America & the Caribbean,6.83,80,2
COD,2014,"Congo, Dem. R.",Sub-Saharan Africa,5.01,153,4
COG,2014,"Congo, Rep. Of",Sub-Saharan Africa,5.76,137,4
CRI,2014,Costa Rica,Latin America & the Caribbean,8.06,33,1
CIV,2014,C?te d'Ivoire,Sub-Saharan Africa,6.49,105,3
HRV,2014,Croatia,Eastern Europe,7.75,43,2
CYP,2014,Cyprus,Eastern Europe,8.01,37,1
CZE,2014,Czech Rep.,Eastern Europe,8.33,21,1
DNK,2014,Denmark,Western Europe,8.66,7,1
DOM,2014,Dominican Rep.,Latin America & the Caribbean,7.15,66,2
ECU,2014,Ecuador,Latin America & the Caribbean,6.54,102,3
EGY,2014,Egypt,Middle East & North Africa,4.87,154,4
SLV,2014,El Salvador,Latin America & the Caribbean,7.4,56,2
EST,2014,Estonia,Eastern Europe,8.43,16,1
SWZ,2014,Eswatini,Sub-Saharan Africa,6.22,120,3
ETH,2014,Ethiopia,Sub-Saharan Africa,5.09,152,4
FJI,2014,Fiji,Oceania,7.01,67,2
FIN,2014,Finland,Western Europe,8.68,6,1
FRA,2014,France,Western Europe,8.1,31,1
GAB,2014,Gabon,Sub-Saharan Africa,5.48,144,4
GMB,2014,"Gambia, The",Sub-Saharan Africa,6.26,118,3
GEO,2014,Georgia,Caucasus & Central Asia,7.91,41,2
DEU,2014,Germany,Western Europe,8.58,10,1
GHA,2014,Ghana,Sub-Saharan Africa,6.96,70,2
GRC,2014,Greece,Eastern Europe,7.55,51,2
GTM,2014,Guatemala,Latin America & the Caribbean,7.32,59,2
GIN,2014,Guinea,Sub-Saharan Africa,5.41,148,4
GNB,2014,Guinea-Bissau,Sub-Saharan Africa,5.93,134,4
GUY,2014,Guyana,Latin America & the Caribbean,6.6,97,3
HTI,2014,Haiti,Latin America & the Caribbean,6.99,68,2
HND,2014,Honduras,Latin America & the Caribbean,6.9,74,2
HKG,2014,Hong Kong,East Asia,8.87,2,1
HUN,2014,Hungary,Eastern Europe,7.95,40,1
ISL,2014,Iceland,Western Europe,8.26,26,1
IND,2014,India,South Asia,6.34,114,3
IDN,2014,Indonesia,South Asia,6.7,89,3
IRN,2014,Iran,Middle East & North Africa,4.8,155,4
IRQ,2014,Iraq,Middle East & North Africa,,,
IRL,2014,Ireland,Western Europe,8.49,15,1
ISR,2014,Israel,Middle East & North Africa,7.46,54,2
ITA,2014,Italy,Western Europe,8.06,33,1
JAM,2014,Jamaica,Latin America & the Caribbean,7.17,65,2
JPN,2014,Japan,East Asia,8.3,23,1
JOR,2014,Jordan,Middle East & North Africa,6.84,78,2
KAZ,2014,Kazakhstan,Caucasus & Central Asia,6.71,87,3
KEN,2014,Kenya,Sub-Saharan Africa,6.64,93,3
KOR,2014,"Korea, South",East Asia,8.23,28,1
KWT,2014,Kuwait,Middle East & North Africa,6.13,127,4
KGZ,2014,Kyrgyz Republic,Caucasus & Central Asia,6.54,102,3
LAO,2014,Laos,South Asia,6.2,123,4
LVA,2014,Latvia,Eastern Europe,8.3,23,1
LBN,2014,Lebanon,Middle East & North Africa,6.42,111,3
LSO,2014,Lesotho,Sub-Saharan Africa,6.65,92,3
LBR,2014,Liberia,Sub-Saharan Africa,6.6,97,3
LBY,2014,Libya,Middle East & North Africa,4.54,157,4
LTU,2014,Lithuania,Eastern Europe,8.34,20,1
LUX,2014,Luxembourg,Western Europe,8.64,8,1
MDG,2014,Madagascar,Sub-Saharan Africa,6.75,85,3
MWI,2014,Malawi,Sub-Saharan Africa,6.56,100,3
MYS,2014,Malaysia,South Asia,6.56,100,3
MLI,2014,Mali,Sub-Saharan Africa,5.88,135,4
MLT,2014,Malta,Western Europe,8.43,16,1
MRT,2014,Mauritania,Sub-Saharan Africa,5.38,149,4
MUS,2014,Mauritius,Sub-Saharan Africa,7.97,38,1
MEX,2014,Mexico,Latin America & the Caribbean,6.81,82,3
MDA,2014,Moldova,Eastern Europe,6.84,78,2
MNG,2014,Mongolia,East Asia,7.64,47,2
MNE,2014,Montenegro,Eastern Europe,7.69,44,2
MAR,2014,Morocco,Middle East & North Africa,6.14,125,4
MOZ,2014,Mozambique,Sub-Saharan Africa,5.96,133,4
MMR,2014,Myanmar,South Asia,5.67,140,4
NAM,2014,Namibia,Sub-Saharan Africa,6.89,77,2
NPL,2014,Nepal,South Asia,6.76,84,3
NLD,2014,Netherlands,Western Europe,8.5,14,1
NZL,2014,New Zealand,Oceania,8.95,1,1
NIC,2014,Nicaragua,Latin America & the Caribbean,6.91,73,2
NER,2014,Niger,Sub-Saharan Africa,5.76,137,4
NGA,2014,Nigeria,Sub-Saharan Africa,6.06,130,4
MKD,2014,North Macedonia,Eastern Europe,7.22,62,2
NOR,2014,Norway,Western Europe,8.6,9,1
OMN,2014,Oman,Middle East & North Africa,6.27,116,3
PAK,2014,Pakistan,South Asia,5.47,145,4
PAN,2014,Panama,Latin America & the Caribbean,7.6,49,2
PNG,2014,Pap. New Guinea,Oceania,6.61,95,3
PRY,2014,Paraguay,Latin America & the Caribbean,6.9,74,2
PER,2014,Peru,Latin America & the Caribbean,7.51,52,2
PHL,2014,Philippines,South Asia,6.92,72,2
POL,2014,Poland,Eastern Europe,8.16,30,1
PRT,2014,Portugal,Western Europe,8.32,22,1
QAT,2014,Qatar,Middle East & North Africa,6.46,108,3
ROU,2014,Romania,Eastern Europe,8.3,23,1
RUS,2014,Russia,Eastern Europe,6.23,119,3
RWA,2014,Rwanda,Sub-Saharan Africa,6.82,81,3
SAU,2014,Saudi Arabia,Middle East & North Africa,5.45,146,4
SEN,2014,Senegal,Sub-Saharan Africa,6.42,111,3
SRB,2014,Serbia,Eastern Europe,7.37,57,2
SYC,2014,Seychelles,Sub-Saharan Africa,7.28,60,2
SLE,2014,Sierra Leone,Sub-Saharan Africa,6.31,115,3
SGP,2014,Singapore,South Asia,7.97,38,1
SVK,2014,Slovak Rep.,Eastern Europe,8.1,31,1
SVN,2014,Slovenia,Eastern Europe,8.04,36,1
ZAF,2014,South Africa,Sub-Saharan Africa,7.18,63,2
ESP,2014,Spain,Western Europe,8.22,29,1
LKA,2014,Sri Lanka,South Asia,6.19,124,4
SDN,2014,Sudan,Sub-Saharan Africa,,,
SUR,2014,Suriname,Latin America & the Caribbean,7.18,63,2
SWE,2014,Sweden,Western Europe,8.54,13,1
CHE,2014,Switzerland,Western Europe,8.82,3,1
SYR,2014,Syria,Middle East & North Africa,3.94,159,4
TWN,2014,Taiwan,East Asia,8.25,27,1
TJK,2014,Tajikistan,Caucasus & Central Asia,6.22,120,4
TZA,2014,Tanzania,Sub-Saharan Africa,6.49,105,3
THA,2014,Thailand,South Asia,6.61,95,3
TLS,2014,Timor-Leste,South Asia,6.48,107,3
TGO,2014,Togo,Sub-Saharan Africa,6.4,113,3
TTO,2014,Trinidad and Tobago,Latin America & the Caribbean,6.75,85,3
TUN,2014,Tunisia,Middle East & North Africa,6.43,110,3
TUR,2014,Turkey,Middle East & North Africa,6.69,90,3
UGA,2014,Uganda,Sub-Saharan Africa,6.69,90,3
UKR,2014,Ukraine,Eastern Europe,6.14,125,4
ARE,2014,United Arab Emirates,Middle East & North Africa,6.22,120,4
GBR,2014,United Kingdom,Western Europe,8.56,12,1
USA,2014,United States,North America,8.4,19,1
URY,2014,Uruguay,Latin America & the Caribbean,7.68,46,2
VEN,2014,Venezuela,Latin America & the Caribbean,4.5,158,4
VNM,2014,Vietnam,South Asia,6.07,129,4
YEM,2014,"Yemen, Rep.",Middle East & North Africa,4.79,156,4
ZMB,2014,Zambia,Sub-Saharan Africa,6.54,102,3
ZWE,2014,Zimbabwe,Sub-Saharan Africa,5.56,141,4
ALB,2013,Albania,Eastern Europe,7.44,53,2
DZA,2013,Algeria,Middle East & North Africa,5.16,150,4
AGO,2013,Angola,Sub-Saharan Africa,5.28,148,4
ARG,2013,Argentina,Latin America & the Caribbean,6.55,106,3
ARM,2013,Armenia,Caucasus & Central Asia,7.53,51,2
AUS,2013,Australia,Oceania,8.56,8,1
AUT,2013,Austria,Western Europe,8.53,10,1
AZE,2013,Azerbaijan,Caucasus & Central Asia,6.11,131,4
BHS,2013,Bahamas,Latin America & the Caribbean,7.6,46,2
BHR,2013,Bahrain,Middle East & North Africa,6.62,103,3
BGD,2013,Bangladesh,South Asia,5.67,138,4
BRD,2013,Barbados,Latin America & the Caribbean,7.38,55,2
BLR,2013,Belarus,Eastern Europe,,,
BEL,2013,Belgium,Western Europe,8.28,21,1
BLZ,2013,Belize,Latin America & the Caribbean,7.07,67,2
BEN,2013,Benin,Sub-Saharan Africa,6.94,75,2
BTN,2013,Bhutan,South Asia,6.85,81,3
BOL,2013,Bolivia,Latin America & the Caribbean,6.85,81,3
BIH,2013,Bosnia and Herzegovina,Eastern Europe,7.25,59,2
BWA,2013,Botswana,Sub-Saharan Africa,6.86,80,3
BRA,2013,Brazil,Latin America & the Caribbean,6.75,87,3
BRN,2013,Brunei Darussalam,South Asia,6.51,107,3
BGR,2013,Bulgaria,Eastern Europe,7.84,39,1
BFA,2013,Burkina Faso,Sub-Saharan Africa,6.71,92,3
BDI,2013,Burundi,Sub-Saharan Africa,6.14,128,4
KHM,2013,Cambodia,South Asia,7.3,57,2
CMR,2013,Cameroon,Sub-Saharan Africa,5.99,133,4
CAN,2013,Canada,North America,8.66,4,1
CPV,2013,Cape Verde,Sub-Saharan Africa,7.52,52,2
CAF,2013,Central Afr. Rep.,Sub-Saharan Africa,5.16,150,4
TCD,2013,Chad,Sub-Saharan Africa,5.41,144,4
CHL,2013,Chile,Latin America & the Caribbean,8.03,34,1
CHN,2013,China,East Asia,6.1,132,4
COL,2013,Colombia,Latin America & the Caribbean,6.71,92,3
COD,2013,"Congo, Dem. R.",Sub-Saharan Africa,4.93,153,4
COG,2013,"Congo, Rep. Of",Sub-Saharan Africa,5.64,139,4
CRI,2013,Costa Rica,Latin America & the Caribbean,7.92,36,1
CIV,2013,C?te d'Ivoire,Sub-Saharan Africa,6.46,111,3
HRV,2013,Croatia,Eastern Europe,7.68,44,2
CYP,2013,Cyprus,Eastern Europe,7.83,40,2
CZE,2013,Czech Rep.,Eastern Europe,8.29,20,1
DNK,2013,Denmark,Western Europe,8.66,4,1
DOM,2013,Dominican Rep.,Latin America & the Caribbean,7.03,70,2
ECU,2013,Ecuador,Latin America & the Caribbean,6.69,96,3
EGY,2013,Egypt,Middle East & North Africa,5.23,149,4
SLV,2013,El Salvador,Latin America & the Caribbean,7.19,60,2
EST,2013,Estonia,Eastern Europe,8.38,17,1
SWZ,2013,Eswatini,Sub-Saharan Africa,6.37,116,3
ETH,2013,Ethiopia,Sub-Saharan Africa,5.35,146,4
FJI,2013,Fiji,Oceania,6.81,86,3
FIN,2013,Finland,Western Europe,8.62,6,1
FRA,2013,France,Western Europe,8.04,33,1
GAB,2013,Gabon,Sub-Saharan Africa,5.69,136,4
GMB,2013,"Gambia, The",Sub-Saharan Africa,6.32,120,4
GEO,2013,Georgia,Caucasus & Central Asia,7.79,43,2
DEU,2013,Germany,Western Europe,8.53,10,1
GHA,2013,Ghana,Sub-Saharan Africa,7.16,64,2
GRC,2013,Greece,Eastern Europe,7.54,50,2
GTM,2013,Guatemala,Latin America & the Caribbean,7.19,60,2
GIN,2013,Guinea,Sub-Saharan Africa,5.68,137,4
GNB,2013,Guinea-Bissau,Sub-Saharan Africa,5.45,141,4
GUY,2013,Guyana,Latin America & the Caribbean,6.89,78,2
HTI,2013,Haiti,Latin America & the Caribbean,6.74,90,3
HND,2013,Honduras,Latin America & the Caribbean,6.6,104,3
HKG,2013,Hong Kong,East Asia,8.94,1,1
HUN,2013,Hungary,Eastern Europe,7.9,37,1
ISL,2013,Iceland,Western Europe,8.14,26,1
IND,2013,India,South Asia,6.69,96,3
IDN,2013,Indonesia,South Asia,6.98,72,2
IRN,2013,Iran,Middle East & North Africa,4.65,156,4
IRQ,2013,Iraq,Middle East & North Africa,,,
IRL,2013,Ireland,Western Europe,8.56,8,1
ISR,2013,Israel,Middle East & North Africa,7.64,45,2
ITA,2013,Italy,Western Europe,8.06,31,1
JAM,2013,Jamaica,Latin America & the Caribbean,7.17,62,2
JPN,2013,Japan,East Asia,8.32,19,1
JOR,2013,Jordan,Middle East & North Africa,6.91,76,2
KAZ,2013,Kazakhstan,Caucasus & Central Asia,6.7,94,3
KEN,2013,Kenya,Sub-Saharan Africa,6.64,101,3
KOR,2013,"Korea, South",East Asia,8.02,35,1
KWT,2013,Kuwait,Middle East & North Africa,6.33,119,4
KGZ,2013,Kyrgyz Republic,Caucasus & Central Asia,6.4,114,3
LAO,2013,Laos,South Asia,,,
LVA,2013,Latvia,Eastern Europe,8.25,23,1
LBN,2013,Lebanon,Middle East & North Africa,6.63,102,3
LSO,2013,Lesotho,Sub-Saharan Africa,6.48,110,3
LBR,2013,Liberia,Sub-Saharan Africa,,,
LBY,2013,Libya,Middle East & North Africa,4.98,152,4
LTU,2013,Lithuania,Eastern Europe,8.19,24,1
LUX,2013,Luxembourg,Western Europe,8.49,13,1
MDG,2013,Madagascar,Sub-Saharan Africa,6.85,81,3
MWI,2013,Malawi,Sub-Saharan Africa,6.57,105,3
MYS,2013,Malaysia,South Asia,6.67,99,3
MLI,2013,Mali,Sub-Saharan Africa,5.88,135,4
MLT,2013,Malta,Western Europe,8.39,16,1
MRT,2013,Mauritania,Sub-Saharan Africa,5.4,145,4
MUS,2013,Mauritius,Sub-Saharan Africa,8.13,27,1
MEX,2013,Mexico,Latin America & the Caribbean,6.72,91,3
MDA,2013,Moldova,Eastern Europe,6.95,73,2
MNG,2013,Mongolia,East Asia,7.59,48,2
MNE,2013,Montenegro,Eastern Europe,7.6,46,2
MAR,2013,Morocco,Middle East & North Africa,6.34,118,3
MOZ,2013,Mozambique,Sub-Saharan Africa,6.18,126,4
MMR,2013,Myanmar,South Asia,5.33,147,4
NAM,2013,Namibia,Sub-Saharan Africa,6.95,73,2
NPL,2013,Nepal,South Asia,6.75,87,3
NLD,2013,Netherlands,Western Europe,8.43,15,1
NZL,2013,New Zealand,Oceania,8.82,2,1
NIC,2013,Nicaragua,Latin America & the Caribbean,7.06,68,2
NER,2013,Niger,Sub-Saharan Africa,5.98,134,4
NGA,2013,Nigeria,Sub-Saharan Africa,6.13,129,4
MKD,2013,North Macedonia,Eastern Europe,7.38,55,2
NOR,2013,Norway,Western Europe,8.61,7,1
OMN,2013,Oman,Middle East & North Africa,6.31,121,4
PAK,2013,Pakistan,South Asia,5.43,143,4
PAN,2013,Panama,Latin America & the Caribbean,7.59,48,2
PNG,2013,Pap. New Guinea,Oceania,6.87,79,2
PRY,2013,Paraguay,Latin America & the Caribbean,7,71,2
PER,2013,Peru,Latin America & the Caribbean,7.42,54,2
PHL,2013,Philippines,South Asia,6.83,84,3
POL,2013,Poland,Eastern Europe,8.12,29,1
PRT,2013,Portugal,Western Europe,8.27,22,1
QAT,2013,Qatar,Middle East & North Africa,6.49,109,3
ROU,2013,Romania,Eastern Europe,8.06,31,1
RUS,2013,Russia,Eastern Europe,6.46,111,3
RWA,2013,Rwanda,Sub-Saharan Africa,6.91,76,2
SAU,2013,Saudi Arabia,Middle East & North Africa,5.44,142,4
SEN,2013,Senegal,Sub-Saharan Africa,6.37,116,3
SRB,2013,Serbia,Eastern Europe,7.26,58,2
SYC,2013,Seychelles,Sub-Saharan Africa,7.14,65,2
SLE,2013,Sierra Leone,Sub-Saharan Africa,6.15,127,4
SGP,2013,Singapore,South Asia,7.83,40,1
SVK,2013,Slovak Rep.,Eastern Europe,8.13,27,1
SVN,2013,Slovenia,Eastern Europe,7.9,37,1
ZAF,2013,South Africa,Sub-Saharan Africa,7.06,68,2
ESP,2013,Spain,Western Europe,8.09,30,1
LKA,2013,Sri Lanka,South Asia,6.31,121,4
SDN,2013,Sudan,Sub-Saharan Africa,,,
SUR,2013,Suriname,Latin America & the Caribbean,7.17,62,2
SWE,2013,Sweden,Western Europe,8.46,14,1
CHE,2013,Switzerland,Western Europe,8.73,3,1
SYR,2013,Syria,Middle East & North Africa,3.88,157,4
TWN,2013,Taiwan,East Asia,8.16,25,1
TJK,2013,Tajikistan,Caucasus & Central Asia,6.3,123,4
TZA,2013,Tanzania,Sub-Saharan Africa,6.7,94,3
THA,2013,Thailand,South Asia,6.69,96,3
TLS,2013,Timor-Leste,South Asia,6.45,113,3
TGO,2013,Togo,Sub-Saharan Africa,6.2,125,4
TTO,2013,Trinidad and Tobago,Latin America & the Caribbean,6.75,87,3
TUN,2013,Tunisia,Middle East & North Africa,6.21,124,4
TUR,2013,Turkey,Middle East & North Africa,7.08,66,2
UGA,2013,Uganda,Sub-Saharan Africa,6.51,107,3
UKR,2013,Ukraine,Eastern Europe,6.82,85,3
ARE,2013,United Arab Emirates,Middle East & North Africa,6.4,114,3
GBR,2013,United Kingdom,Western Europe,8.53,10,1
USA,2013,United States,North America,8.35,18,1
URY,2013,Uruguay,Latin America & the Caribbean,7.8,42,2
VEN,2013,Venezuela,Latin America & the Caribbean,4.84,154,4
VNM,2013,Vietnam,South Asia,6.13,129,4
YEM,2013,"Yemen, Rep.",Middle East & North Africa,4.74,155,4
ZMB,2013,Zambia,Sub-Saharan Africa,6.66,100,3
ZWE,2013,Zimbabwe,Sub-Saharan Africa,5.48,140,4
ALB,2012,Albania,Eastern Europe,7.44,55,2
DZA,2012,Algeria,Middle East & North Africa,5.06,148,4
AGO,2012,Angola,Sub-Saharan Africa,5.35,141,4
ARG,2012,Argentina,Latin America & the Caribbean,6.64,99,3
ARM,2012,Armenia,Caucasus & Central Asia,7.52,52,2
AUS,2012,Australia,Oceania,8.6,6,1
AUT,2012,Austria,Western Europe,8.49,12,1
AZE,2012,Azerbaijan,Caucasus & Central Asia,6.07,125,4
BHS,2012,Bahamas,Latin America & the Caribbean,7.58,48,2
BHR,2012,Bahrain,Middle East & North Africa,6.53,104,3
BGD,2012,Bangladesh,South Asia,5.72,134,4
BRD,2012,Barbados,Latin America & the Caribbean,7.37,56,2
BLR,2012,Belarus,Eastern Europe,,,
BEL,2012,Belgium,Western Europe,8.25,22,1
BLZ,2012,Belize,Latin America & the Caribbean,7.17,58,2
BEN,2012,Benin,Sub-Saharan Africa,6.6,101,3
BTN,2012,Bhutan,South Asia,,,
BOL,2012,Bolivia,Latin America & the Caribbean,6.88,77,2
BIH,2012,Bosnia and Herzegovina,Eastern Europe,7.33,57,2
BWA,2012,Botswana,Sub-Saharan Africa,6.85,80,3
BRA,2012,Brazil,Latin America & the Caribbean,6.89,76,2
BRN,2012,Brunei Darussalam,South Asia,6.77,87,3
BGR,2012,Bulgaria,Eastern Europe,7.84,41,2
BFA,2012,Burkina Faso,Sub-Saharan Africa,6.57,102,3
BDI,2012,Burundi,Sub-Saharan Africa,5.77,133,4
KHM,2012,Cambodia,South Asia,7.14,61,2
CMR,2012,Cameroon,Sub-Saharan Africa,6.03,128,4
CAN,2012,Canada,North America,8.64,5,1
CPV,2012,Cape Verde,Sub-Saharan Africa,7.45,54,2
CAF,2012,Central Afr. Rep.,Sub-Saharan Africa,4.96,149,4
TCD,2012,Chad,Sub-Saharan Africa,5.26,144,4
CHL,2012,Chile,Latin America & the Caribbean,8.11,30,1
CHN,2012,China,East Asia,6.07,125,4
COL,2012,Colombia,Latin America & the Caribbean,6.72,93,3
COD,2012,"Congo, Dem. R.",Sub-Saharan Africa,4.81,150,4
COG,2012,"Congo, Rep. Of",Sub-Saharan Africa,5.46,138,4
CRI,2012,Costa Rica,Latin America & the Caribbean,7.94,38,1
CIV,2012,C?te d'Ivoire,Sub-Saharan Africa,6.11,122,4
HRV,2012,Croatia,Eastern Europe,7.73,43,2
CYP,2012,Cyprus,Eastern Europe,7.99,35,1
CZE,2012,Czech Rep.,Eastern Europe,8.33,19,1
DNK,2012,Denmark,Western Europe,8.59,8,1
DOM,2012,Dominican Rep.,Latin America & the Caribbean,6.91,75,2
ECU,2012,Ecuador,Latin America & the Caribbean,6.72,93,3
EGY,2012,Egypt,Middle East & North Africa,5.45,139,4
SLV,2012,El Salvador,Latin America & the Caribbean,7.14,61,2
EST,2012,Estonia,Eastern Europe,8.38,17,1
SWZ,2012,Eswatini,Sub-Saharan Africa,6.14,121,4
ETH,2012,Ethiopia,Sub-Saharan Africa,5.3,143,4
FJI,2012,Fiji,Oceania,7.02,70,2
FIN,2012,Finland,Western Europe,8.68,4,1
FRA,2012,France,Western Europe,8.05,33,1
GAB,2012,Gabon,Sub-Saharan Africa,5.5,136,4
GMB,2012,"Gambia, The",Sub-Saharan Africa,6.22,119,4
GEO,2012,Georgia,Caucasus & Central Asia,7.66,44,2
DEU,2012,Germany,Western Europe,8.49,12,1
GHA,2012,Ghana,Sub-Saharan Africa,7.17,58,2
GRC,2012,Greece,Eastern Europe,7.59,47,2
GTM,2012,Guatemala,Latin America & the Caribbean,7.14,61,2
GIN,2012,Guinea,Sub-Saharan Africa,,,
GNB,2012,Guinea-Bissau,Sub-Saharan Africa,5.81,132,4
GUY,2012,Guyana,Latin America & the Caribbean,7.05,68,2
HTI,2012,Haiti,Latin America & the Caribbean,6.49,106,3
HND,2012,Honduras,Latin America & the Caribbean,6.74,90,3
HKG,2012,Hong Kong,East Asia,8.99,1,1
HUN,2012,Hungary,Eastern Europe,7.94,38,1
ISL,2012,Iceland,Western Europe,8.13,27,1
IND,2012,India,South Asia,6.78,86,3
IDN,2012,Indonesia,South Asia,6.87,79,3
IRN,2012,Iran,Middle East & North Africa,4.55,153,4
IRQ,2012,Iraq,Middle East & North Africa,,,
IRL,2012,Ireland,Western Europe,8.53,9,1
ISR,2012,Israel,Middle East & North Africa,7.6,46,2
ITA,2012,Italy,Western Europe,8.05,33,1
JAM,2012,Jamaica,Latin America & the Caribbean,7.07,66,2
JPN,2012,Japan,East Asia,8.29,20,1
JOR,2012,Jordan,Middle East & North Africa,6.79,85,3
KAZ,2012,Kazakhstan,Caucasus & Central Asia,6.8,84,3
KEN,2012,Kenya,Sub-Saharan Africa,6.68,96,3
KOR,2012,"Korea, South",East Asia,8.06,32,1
KWT,2012,Kuwait,Middle East & North Africa,6.37,111,3
KGZ,2012,Kyrgyz Republic,Caucasus & Central Asia,6.34,112,3
LAO,2012,Laos,South Asia,,,
LVA,2012,Latvia,Eastern Europe,8.19,23,1
LBN,2012,Lebanon,Middle East & North Africa,6.82,83,3
LSO,2012,Lesotho,Sub-Saharan Africa,6.24,117,4
LBR,2012,Liberia,Sub-Saharan Africa,,,
LBY,2012,Libya,Middle East & North Africa,,,
LTU,2012,Lithuania,Eastern Europe,8.11,30,1
LUX,2012,Luxembourg,Western Europe,8.4,15,1
MDG,2012,Madagascar,Sub-Saharan Africa,6.62,100,3
MWI,2012,Malawi,Sub-Saharan Africa,6.77,87,3
MYS,2012,Malaysia,South Asia,6.44,109,3
MLI,2012,Mali,Sub-Saharan Africa,5.92,131,4
MLT,2012,Malta,Western Europe,8.34,18,1
MRT,2012,Mauritania,Sub-Saharan Africa,5.42,140,4
MUS,2012,Mauritius,Sub-Saharan Africa,8.29,20,1
MEX,2012,Mexico,Latin America & the Caribbean,6.67,97,3
MDA,2012,Moldova,Eastern Europe,7.01,72,2
MNG,2012,Mongolia,East Asia,7.5,53,2
MNE,2012,Montenegro,Eastern Europe,7.66,44,2
MAR,2012,Morocco,Middle East & North Africa,6.33,114,3
MOZ,2012,Mozambique,Sub-Saharan Africa,6.2,120,4
MMR,2012,Myanmar,South Asia,5.25,145,4
NAM,2012,Namibia,Sub-Saharan Africa,6.96,73,2
NPL,2012,Nepal,South Asia,6.72,93,3
NLD,2012,Netherlands,Western Europe,8.43,14,1
NZL,2012,New Zealand,Oceania,8.82,2,1
NIC,2012,Nicaragua,Latin America & the Caribbean,7.02,70,2
NER,2012,Niger,Sub-Saharan Africa,5.94,130,4
NGA,2012,Nigeria,Sub-Saharan Africa,5.98,129,4
MKD,2012,North Macedonia,Eastern Europe,7.57,49,2
NOR,2012,Norway,Western Europe,8.6,6,1
OMN,2012,Oman,Middle East & North Africa,6.34,112,3
PAK,2012,Pakistan,South Asia,5.48,137,4
PAN,2012,Panama,Latin America & the Caribbean,7.54,51,2
PNG,2012,Pap. New Guinea,Oceania,6.73,92,3
PRY,2012,Paraguay,Latin America & the Caribbean,7.06,67,2
PER,2012,Peru,Latin America & the Caribbean,7.55,50,2
PHL,2012,Philippines,South Asia,6.92,74,2
POL,2012,Poland,Eastern Europe,8.16,25,1
PRT,2012,Portugal,Western Europe,8.18,24,1
QAT,2012,Qatar,Middle East & North Africa,6.5,105,3
ROU,2012,Romania,Eastern Europe,7.98,36,1
RUS,2012,Russia,Eastern Europe,6.47,107,3
RWA,2012,Rwanda,Sub-Saharan Africa,6.83,82,3
SAU,2012,Saudi Arabia,Middle East & North Africa,5.33,142,4
SEN,2012,Senegal,Sub-Saharan Africa,6.11,122,4
SRB,2012,Serbia,Eastern Europe,7.15,60,2
SYC,2012,Seychelles,Sub-Saharan Africa,,,
SLE,2012,Sierra Leone,Sub-Saharan Africa,6.24,117,4
SGP,2012,Singapore,South Asia,7.82,42,2
SVK,2012,Slovak Rep.,Eastern Europe,8.12,28,1
SVN,2012,Slovenia,Eastern Europe,7.96,37,1
ZAF,2012,South Africa,Sub-Saharan Africa,7.05,68,2
ESP,2012,Spain,Western Europe,8.16,25,1
LKA,2012,Sri Lanka,South Asia,6.06,127,4
SDN,2012,Sudan,Sub-Saharan Africa,,,
SUR,2012,Suriname,Latin America & the Caribbean,7.13,64,2
SWE,2012,Sweden,Western Europe,8.5,11,1
CHE,2012,Switzerland,Western Europe,8.81,3,1
SYR,2012,Syria,Middle East & North Africa,4.72,151,4
TWN,2012,Taiwan,East Asia,8.12,28,1
TJK,2012,Tajikistan,Caucasus & Central Asia,6.66,98,3
TZA,2012,Tanzania,Sub-Saharan Africa,6.56,103,3
THA,2012,Thailand,South Asia,6.74,90,3
TLS,2012,Timor-Leste,South Asia,6.46,108,3
TGO,2012,Togo,Sub-Saharan Africa,5.55,135,4
TTO,2012,Trinidad and Tobago,Latin America & the Caribbean,6.75,89,3
TUN,2012,Tunisia,Middle East & North Africa,6.26,116,4
TUR,2012,Turkey,Middle East & North Africa,7.1,65,2
UGA,2012,Uganda,Sub-Saharan Africa,6.31,115,3
UKR,2012,Ukraine,Eastern Europe,6.88,77,3
ARE,2012,United Arab Emirates,Middle East & North Africa,6.38,110,3
GBR,2012,United Kingdom,Western Europe,8.52,10,1
USA,2012,United States,North America,8.39,16,1
URY,2012,Uruguay,Latin America & the Caribbean,7.92,40,2
VEN,2012,Venezuela,Latin America & the Caribbean,5.09,147,4
VNM,2012,Vietnam,South Asia,6.1,124,4
YEM,2012,"Yemen, Rep.",Middle East & North Africa,4.61,152,4
ZMB,2012,Zambia,Sub-Saharan Africa,6.84,81,3
ZWE,2012,Zimbabwe,Sub-Saharan Africa,5.16,146,4
ALB,2011,Albania,Eastern Europe,7.52,53,2
DZA,2011,Algeria,Middle East & North Africa,5.15,147,4
AGO,2011,Angola,Sub-Saharan Africa,5.37,143,4
ARG,2011,Argentina,Latin America & the Caribbean,6.93,81,3
ARM,2011,Armenia,Caucasus & Central Asia,7.53,52,2
AUS,2011,Australia,Oceania,8.64,5,1
AUT,2011,Austria,Western Europe,8.46,14,1
AZE,2011,Azerbaijan,Caucasus & Central Asia,6.07,124,4
BHS,2011,Bahamas,Latin America & the Caribbean,7.62,50,2
BHR,2011,Bahrain,Middle East & North Africa,6.69,100,3
BGD,2011,Bangladesh,South Asia,5.9,131,4
BRD,2011,Barbados,Latin America & the Caribbean,7.35,56,2
BLR,2011,Belarus,Eastern Europe,,,
BEL,2011,Belgium,Western Europe,8.28,19,1
BLZ,2011,Belize,Latin America & the Caribbean,7.23,59,2
BEN,2011,Benin,Sub-Saharan Africa,6.75,91,3
BTN,2011,Bhutan,South Asia,,,
BOL,2011,Bolivia,Latin America & the Caribbean,6.96,75,2
BIH,2011,Bosnia and Herzegovina,Eastern Europe,7.35,56,2
BWA,2011,Botswana,Sub-Saharan Africa,6.83,87,3
BRA,2011,Brazil,Latin America & the Caribbean,7.05,67,2
BRN,2011,Brunei Darussalam,South Asia,6.74,95,3
BGR,2011,Bulgaria,Eastern Europe,7.88,41,2
BFA,2011,Burkina Faso,Sub-Saharan Africa,6.7,99,3
BDI,2011,Burundi,Sub-Saharan Africa,5.83,133,4
KHM,2011,Cambodia,South Asia,7.14,61,2
CMR,2011,Cameroon,Sub-Saharan Africa,6.02,128,4
CAN,2011,Canada,North America,8.63,7,1
CPV,2011,Cape Verde,Sub-Saharan Africa,7.45,55,2
CAF,2011,Central Afr. Rep.,Sub-Saharan Africa,5.12,149,4
TCD,2011,Chad,Sub-Saharan Africa,5.3,144,4
CHL,2011,Chile,Latin America & the Caribbean,8.18,25,1
CHN,2011,China,East Asia,6.05,125,4
COL,2011,Colombia,Latin America & the Caribbean,6.72,97,3
COD,2011,"Congo, Dem. R.",Sub-Saharan Africa,5.06,150,4
COG,2011,"Congo, Rep. Of",Sub-Saharan Africa,5.49,139,4
CRI,2011,Costa Rica,Latin America & the Caribbean,7.87,42,2
CIV,2011,C?te d'Ivoire,Sub-Saharan Africa,6,130,4
HRV,2011,Croatia,Eastern Europe,7.74,44,2
CYP,2011,Cyprus,Eastern Europe,8.14,30,1
CZE,2011,Czech Rep.,Eastern Europe,8.25,21,1
DNK,2011,Denmark,Western Europe,8.64,5,1
DOM,2011,Dominican Rep.,Latin America & the Caribbean,7,73,2
ECU,2011,Ecuador,Latin America & the Caribbean,6.68,101,3
EGY,2011,Egypt,Middle East & North Africa,5.45,141,4
SLV,2011,El Salvador,Latin America & the Caribbean,7.02,71,2
EST,2011,Estonia,Eastern Europe,8.4,17,1
SWZ,2011,Eswatini,Sub-Saharan Africa,6.04,127,4
ETH,2011,Ethiopia,Sub-Saharan Africa,5.26,145,4
FJI,2011,Fiji,Oceania,7.11,63,2
FIN,2011,Finland,Western Europe,8.73,4,1
FRA,2011,France,Western Europe,8.08,33,1
GAB,2011,Gabon,Sub-Saharan Africa,5.74,135,4
GMB,2011,"Gambia, The",Sub-Saharan Africa,6.41,109,3
GEO,2011,Georgia,Caucasus & Central Asia,7.65,49,2
DEU,2011,Germany,Western Europe,8.53,9,1
GHA,2011,Ghana,Sub-Saharan Africa,7.26,58,2
GRC,2011,Greece,Eastern Europe,7.67,45,2
GTM,2011,Guatemala,Latin America & the Caribbean,7.08,66,2
GIN,2011,Guinea,Sub-Saharan Africa,,,
GNB,2011,Guinea-Bissau,Sub-Saharan Africa,5.82,134,4
GUY,2011,Guyana,Latin America & the Caribbean,7.11,63,2
HTI,2011,Haiti,Latin America & the Caribbean,6.75,91,3
HND,2011,Honduras,Latin America & the Caribbean,6.72,97,3
HKG,2011,Hong Kong,East Asia,9.02,1,1
HUN,2011,Hungary,Eastern Europe,8.07,35,1
ISL,2011,Iceland,Western Europe,8.12,31,1
IND,2011,India,South Asia,6.92,83,3
IDN,2011,Indonesia,South Asia,6.93,81,3
IRN,2011,Iran,Middle East & North Africa,4.78,152,4
IRQ,2011,Iraq,Middle East & North Africa,,,
IRL,2011,Ireland,Western Europe,8.51,11,1
ISR,2011,Israel,Middle East & North Africa,7.66,46,2
ITA,2011,Italy,Western Europe,8.07,35,1
JAM,2011,Jamaica,Latin America & the Caribbean,7.01,72,2
JPN,2011,Japan,East Asia,8.26,20,1
JOR,2011,Jordan,Middle East & North Africa,6.79,90,3
KAZ,2011,Kazakhstan,Caucasus & Central Asia,6.62,104,3
KEN,2011,Kenya,Sub-Saharan Africa,6.75,91,3
KOR,2011,"Korea, South",East Asia,8.08,33,1
KWT,2011,Kuwait,Middle East & North Africa,6.39,111,3
KGZ,2011,Kyrgyz Republic,Caucasus & Central Asia,6.27,117,4
LAO,2011,Laos,South Asia,,,
LVA,2011,Latvia,Eastern Europe,8.16,28,1
LBN,2011,Lebanon,Middle East & North Africa,6.86,85,3
LSO,2011,Lesotho,Sub-Saharan Africa,6.28,115,3
LBR,2011,Liberia,Sub-Saharan Africa,,,
LBY,2011,Libya,Middle East & North Africa,,,
LTU,2011,Lithuania,Eastern Europe,8.1,32,1
LUX,2011,Luxembourg,Western Europe,8.44,15,1
MDG,2011,Madagascar,Sub-Saharan Africa,6.68,101,3
MWI,2011,Malawi,Sub-Saharan Africa,6.98,74,2
MYS,2011,Malaysia,South Asia,6.55,106,3
MLI,2011,Mali,Sub-Saharan Africa,6.05,125,4
MLT,2011,Malta,Western Europe,8.41,16,1
MRT,2011,Mauritania,Sub-Saharan Africa,5.58,137,4
MUS,2011,Mauritius,Sub-Saharan Africa,8.25,21,1
MEX,2011,Mexico,Latin America & the Caribbean,6.74,95,3
MDA,2011,Moldova,Eastern Europe,7.03,70,2
MNG,2011,Mongolia,East Asia,7.55,51,2
MNE,2011,Montenegro,Eastern Europe,7.66,46,2
MAR,2011,Morocco,Middle East & North Africa,6.31,113,3
MOZ,2011,Mozambique,Sub-Saharan Africa,6.13,121,4
MMR,2011,Myanmar,South Asia,4.83,151,4
NAM,2011,Namibia,Sub-Saharan Africa,6.95,78,3
NPL,2011,Nepal,South Asia,6.81,88,3
NLD,2011,Netherlands,Western Europe,8.48,13,1
NZL,2011,New Zealand,Oceania,8.82,2,1
NIC,2011,Nicaragua,Latin America & the Caribbean,6.96,75,2
NER,2011,Niger,Sub-Saharan Africa,6.02,128,4
NGA,2011,Nigeria,Sub-Saharan Africa,5.89,132,4
MKD,2011,North Macedonia,Eastern Europe,7.77,43,2
NOR,2011,Norway,Western Europe,8.49,12,1
OMN,2011,Oman,Middle East & North Africa,6.29,114,3
PAK,2011,Pakistan,South Asia,5.61,136,4
PAN,2011,Panama,Latin America & the Caribbean,7.51,54,2
PNG,2011,Pap. New Guinea,Oceania,6.75,91,3
PRY,2011,Paraguay,Latin America & the Caribbean,7.13,62,2
PER,2011,Peru,Latin America & the Caribbean,7.66,46,2
PHL,2011,Philippines,South Asia,6.96,75,2
POL,2011,Poland,Eastern Europe,8.21,23,1
PRT,2011,Portugal,Western Europe,8.18,25,1
QAT,2011,Qatar,Middle East & North Africa,6.19,119,4
ROU,2011,Romania,Eastern Europe,7.95,38,1
RUS,2011,Russia,Eastern Europe,6.43,108,3
RWA,2011,Rwanda,Sub-Saharan Africa,6.86,85,3
SAU,2011,Saudi Arabia,Middle East & North Africa,5.41,142,4
SEN,2011,Senegal,Sub-Saharan Africa,6.13,121,4
SRB,2011,Serbia,Eastern Europe,7.04,68,2
SYC,2011,Seychelles,Sub-Saharan Africa,,,
SLE,2011,Sierra Leone,Sub-Saharan Africa,6.13,121,4
SGP,2011,Singapore,South Asia,7.9,40,2
SVK,2011,Slovak Rep.,Eastern Europe,8.19,24,1
SVN,2011,Slovenia,Eastern Europe,7.94,39,1
ZAF,2011,South Africa,Sub-Saharan Africa,7.11,63,2
ESP,2011,Spain,Western Europe,8.18,25,1
LKA,2011,Sri Lanka,South Asia,6.2,118,4
SDN,2011,Sudan,Sub-Saharan Africa,,,
SUR,2011,Suriname,Latin America & the Caribbean,7.04,68,2
SWE,2011,Sweden,Western Europe,8.53,9,1
CHE,2011,Switzerland,Western Europe,8.82,2,1
SYR,2011,Syria,Middle East & North Africa,5.49,139,4
TWN,2011,Taiwan,East Asia,8.16,28,1
TJK,2011,Tajikistan,Caucasus & Central Asia,6.44,107,3
TZA,2011,Tanzania,Sub-Saharan Africa,6.68,101,3
THA,2011,Thailand,South Asia,6.95,78,3
TLS,2011,Timor-Leste,South Asia,6.62,104,3
TGO,2011,Togo,Sub-Saharan Africa,5.51,138,4
TTO,2011,Trinidad and Tobago,Latin America & the Caribbean,6.8,89,3
TUN,2011,Tunisia,Middle East & North Africa,6.41,109,3
TUR,2011,Turkey,Middle East & North Africa,7.23,59,2
UGA,2011,Uganda,Sub-Saharan Africa,6.33,112,3
UKR,2011,Ukraine,Eastern Europe,6.95,78,3
ARE,2011,United Arab Emirates,Middle East & North Africa,6.28,115,4
GBR,2011,United Kingdom,Western Europe,8.54,8,1
USA,2011,United States,North America,8.3,18,1
URY,2011,Uruguay,Latin America & the Caribbean,8.01,37,1
VEN,2011,Venezuela,Latin America & the Caribbean,5.21,146,4
VNM,2011,Vietnam,South Asia,6.16,120,4
YEM,2011,"Yemen, Rep.",Middle East & North Africa,4.59,153,4
ZMB,2011,Zambia,Sub-Saharan Africa,6.92,83,3
ZWE,2011,Zimbabwe,Sub-Saharan Africa,5.13,148,4
ALB,2010,Albania,Eastern Europe,7.71,46,2
DZA,2010,Algeria,Middle East & North Africa,5.26,149,4
AGO,2010,Angola,Sub-Saharan Africa,5.44,143,4
ARG,2010,Argentina,Latin America & the Caribbean,6.96,77,3
ARM,2010,Armenia,Caucasus & Central Asia,7.41,54,2
AUS,2010,Australia,Oceania,8.69,5,1
AUT,2010,Austria,Western Europe,8.37,17,1
AZE,2010,Azerbaijan,Caucasus & Central Asia,6.36,115,3
BHS,2010,Bahamas,Latin America & the Caribbean,7.65,48,2
BHR,2010,Bahrain,Middle East & North Africa,6.83,89,3
BGD,2010,Bangladesh,South Asia,5.91,131,4
BRD,2010,Barbados,Latin America & the Caribbean,7.35,56,2
BLR,2010,Belarus,Eastern Europe,,,
BEL,2010,Belgium,Western Europe,8.33,19,1
BLZ,2010,Belize,Latin America & the Caribbean,6.95,79,3
BEN,2010,Benin,Sub-Saharan Africa,6.74,94,3
BTN,2010,Bhutan,South Asia,,,
BOL,2010,Bolivia,Latin America & the Caribbean,6.84,87,3
BIH,2010,Bosnia and Herzegovina,Eastern Europe,7.45,53,2
BWA,2010,Botswana,Sub-Saharan Africa,6.87,85,3
BRA,2010,Brazil,Latin America & the Caribbean,7.12,66,2
BRN,2010,Brunei Darussalam,South Asia,6.66,101,3
BGR,2010,Bulgaria,Eastern Europe,7.87,40,2
BFA,2010,Burkina Faso,Sub-Saharan Africa,6.84,87,3
BDI,2010,Burundi,Sub-Saharan Africa,5.8,134,4
KHM,2010,Cambodia,South Asia,7.22,58,2
CMR,2010,Cameroon,Sub-Saharan Africa,5.9,132,4
CAN,2010,Canada,North America,8.67,7,1
CPV,2010,Cape Verde,Sub-Saharan Africa,7.4,55,2
CAF,2010,Central Afr. Rep.,Sub-Saharan Africa,5.35,148,4
TCD,2010,Chad,Sub-Saharan Africa,5.55,140,4
CHL,2010,Chile,Latin America & the Caribbean,8.16,27,1
CHN,2010,China,East Asia,6.03,126,4
COL,2010,Colombia,Latin America & the Caribbean,6.88,83,3
COD,2010,"Congo, Dem. R.",Sub-Saharan Africa,5.36,147,4
COG,2010,"Congo, Rep. Of",Sub-Saharan Africa,5.69,137,4
CRI,2010,Costa Rica,Latin America & the Caribbean,7.74,44,2
CIV,2010,C?te d'Ivoire,Sub-Saharan Africa,5.97,128,4
HRV,2010,Croatia,Eastern Europe,7.47,52,2
CYP,2010,Cyprus,Eastern Europe,8.34,18,1
CZE,2010,Czech Rep.,Eastern Europe,8.27,20,1
DNK,2010,Denmark,Western Europe,8.69,5,1
DOM,2010,Dominican Rep.,Latin America & the Caribbean,6.94,80,3
ECU,2010,Ecuador,Latin America & the Caribbean,6.64,103,3
EGY,2010,Egypt,Middle East & North Africa,5.75,135,4
SLV,2010,El Salvador,Latin America & the Caribbean,7.21,59,2
EST,2010,Estonia,Eastern Europe,8.5,11,1
SWZ,2010,Eswatini,Sub-Saharan Africa,6.11,124,4
ETH,2010,Ethiopia,Sub-Saharan Africa,5.37,146,4
FJI,2010,Fiji,Oceania,7.19,61,2
FIN,2010,Finland,Western Europe,8.7,4,1
FRA,2010,France,Western Europe,8.15,28,1
GAB,2010,Gabon,Sub-Saharan Africa,5.73,136,4
GMB,2010,"Gambia, The",Sub-Saharan Africa,6.52,106,3
GEO,2010,Georgia,Caucasus & Central Asia,7.78,42,2
DEU,2010,Germany,Western Europe,8.41,15,1
GHA,2010,Ghana,Sub-Saharan Africa,7.18,63,2
GRC,2010,Greece,Eastern Europe,7.69,47,2
GTM,2010,Guatemala,Latin America & the Caribbean,7.18,63,2
GIN,2010,Guinea,Sub-Saharan Africa,,,
GNB,2010,Guinea-Bissau,Sub-Saharan Africa,5.97,128,4
GUY,2010,Guyana,Latin America & the Caribbean,6.76,90,3
HTI,2010,Haiti,Latin America & the Caribbean,6.71,97,3
HND,2010,Honduras,Latin America & the Caribbean,6.99,76,2
HKG,2010,Hong Kong,East Asia,9.02,1,1
HUN,2010,Hungary,Eastern Europe,8.15,28,1
ISL,2010,Iceland,Western Europe,7.88,39,1
IND,2010,India,South Asia,6.75,93,3
IDN,2010,Indonesia,South Asia,7,73,2
IRN,2010,Iran,Middle East & North Africa,4.99,151,4
IRQ,2010,Iraq,Middle East & North Africa,,,
IRL,2010,Ireland,Western Europe,8.44,13,1
ISR,2010,Israel,Middle East & North Africa,7.74,44,2
ITA,2010,Italy,Western Europe,8.06,31,1
JAM,2010,Jamaica,Latin America & the Caribbean,7.1,67,2
JPN,2010,Japan,East Asia,8.26,21,1
JOR,2010,Jordan,Middle East & North Africa,6.68,100,3
KAZ,2010,Kazakhstan,Caucasus & Central Asia,6.88,83,3
KEN,2010,Kenya,Sub-Saharan Africa,6.69,99,3
KOR,2010,"Korea, South",East Asia,8.17,26,1
KWT,2010,Kuwait,Middle East & North Africa,6.5,109,3
KGZ,2010,Kyrgyz Republic,Caucasus & Central Asia,6.27,120,4
LAO,2010,Laos,South Asia,,,
LVA,2010,Latvia,Eastern Europe,8.05,33,1
LBN,2010,Lebanon,Middle East & North Africa,6.72,95,3
LSO,2010,Lesotho,Sub-Saharan Africa,6.08,125,4
LBR,2010,Liberia,Sub-Saharan Africa,,,
LBY,2010,Libya,Middle East & North Africa,,,
LTU,2010,Lithuania,Eastern Europe,8.06,31,1
LUX,2010,Luxembourg,Western Europe,8.46,12,1
MDG,2010,Madagascar,Sub-Saharan Africa,6.76,90,3
MWI,2010,Malawi,Sub-Saharan Africa,6.71,97,3
MYS,2010,Malaysia,South Asia,6.51,107,3
MLI,2010,Mali,Sub-Saharan Africa,6.24,121,4
MLT,2010,Malta,Western Europe,8.4,16,1
MRT,2010,Mauritania,Sub-Saharan Africa,5.47,142,4
MUS,2010,Mauritius,Sub-Saharan Africa,8.19,24,1
MEX,2010,Mexico,Latin America & the Caribbean,6.76,90,3
MDA,2010,Moldova,Eastern Europe,7,73,2
MNG,2010,Mongolia,East Asia,7.33,57,2
MNE,2010,Montenegro,Eastern Europe,7.79,41,2
MAR,2010,Morocco,Middle East & North Africa,6.33,117,4
MOZ,2010,Mozambique,Sub-Saharan Africa,6.01,127,4
MMR,2010,Myanmar,South Asia,4.92,152,4
NAM,2010,Namibia,Sub-Saharan Africa,6.96,77,2
NPL,2010,Nepal,South Asia,6.93,81,3
NLD,2010,Netherlands,Western Europe,8.42,14,1
NZL,2010,New Zealand,Oceania,8.92,2,1
NIC,2010,Nicaragua,Latin America & the Caribbean,7.21,59,2
NER,2010,Niger,Sub-Saharan Africa,6.38,114,3
NGA,2010,Nigeria,Sub-Saharan Africa,5.83,133,4
MKD,2010,North Macedonia,Eastern Europe,7.57,49,2
NOR,2010,Norway,Western Europe,8.55,8,1
OMN,2010,Oman,Middle East & North Africa,6.18,123,4
PAK,2010,Pakistan,South Asia,5.55,140,4
PAN,2010,Panama,Latin America & the Caribbean,7.51,51,2
PNG,2010,Pap. New Guinea,Oceania,7,73,2
PRY,2010,Paraguay,Latin America & the Caribbean,7.07,68,2
PER,2010,Peru,Latin America & the Caribbean,7.57,49,2
PHL,2010,Philippines,South Asia,7.02,70,2
POL,2010,Poland,Eastern Europe,8.07,30,1
PRT,2010,Portugal,Western Europe,8.05,33,1
QAT,2010,Qatar,Middle East & North Africa,6.22,122,4
ROU,2010,Romania,Eastern Europe,8.04,36,1
RUS,2010,Russia,Eastern Europe,6.47,111,3
RWA,2010,Rwanda,Sub-Saharan Africa,7.14,65,2
SAU,2010,Saudi Arabia,Middle East & North Africa,5.66,138,4
SEN,2010,Senegal,Sub-Saharan Africa,6.3,119,4
SRB,2010,Serbia,Eastern Europe,7.04,69,2
SYC,2010,Seychelles,Sub-Saharan Africa,,,
SLE,2010,Sierra Leone,Sub-Saharan Africa,6.33,117,4
SGP,2010,Singapore,South Asia,8.01,38,1
SVK,2010,Slovak Rep.,Eastern Europe,8.18,25,1
SVN,2010,Slovenia,Eastern Europe,7.78,42,2
ZAF,2010,South Africa,Sub-Saharan Africa,6.87,85,3
ESP,2010,Spain,Western Europe,8.23,23,1
LKA,2010,Sri Lanka,South Asia,6.39,113,3
SDN,2010,Sudan,Sub-Saharan Africa,,,
SUR,2010,Suriname,Latin America & the Caribbean,7.19,61,2
SWE,2010,Sweden,Western Europe,8.54,9,1
CHE,2010,Switzerland,Western Europe,8.86,3,1
SYR,2010,Syria,Middle East & North Africa,5.39,145,4
TWN,2010,Taiwan,East Asia,8.03,37,1
TJK,2010,Tajikistan,Caucasus & Central Asia,6.64,103,3
TZA,2010,Tanzania,Sub-Saharan Africa,6.6,105,3
THA,2010,Thailand,South Asia,7.02,70,2
TLS,2010,Timor-Leste,South Asia,6.41,112,3
TGO,2010,Togo,Sub-Saharan Africa,5.56,139,4
TTO,2010,Trinidad and Tobago,Latin America & the Caribbean,6.72,95,3
TUN,2010,Tunisia,Middle East & North Africa,5.96,130,4
TUR,2010,Turkey,Middle East & North Africa,7.01,72,2
UGA,2010,Uganda,Sub-Saharan Africa,6.51,107,3
UKR,2010,Ukraine,Eastern Europe,6.91,82,3
ARE,2010,United Arab Emirates,Middle East & North Africa,6.48,110,3
GBR,2010,United Kingdom,Western Europe,8.51,10,1
USA,2010,United States,North America,8.25,22,1
URY,2010,Uruguay,Latin America & the Caribbean,8.05,33,1
VEN,2010,Venezuela,Latin America & the Caribbean,5.02,150,4
VNM,2010,Vietnam,South Asia,6.36,115,4
YEM,2010,"Yemen, Rep.",Middle East & North Africa,5.4,144,4
ZMB,2010,Zambia,Sub-Saharan Africa,6.66,101,3
ZWE,2010,Zimbabwe,Sub-Saharan Africa,4.92,152,4
ALB,2009,Albania,Eastern Europe,7.74,44,2
DZA,2009,Algeria,Middle East & North Africa,5.28,137,4
AGO,2009,Angola,Sub-Saharan Africa,5.44,133,4
ARG,2009,Argentina,Latin America & the Caribbean,7.06,68,2
ARM,2009,Armenia,Caucasus & Central Asia,7.39,53,2
AUS,2009,Australia,Oceania,8.68,4,1
AUT,2009,Austria,Western Europe,8.4,14,1
AZE,2009,Azerbaijan,Caucasus & Central Asia,6.29,109,4
BHS,2009,Bahamas,Latin America & the Caribbean,7.76,43,2
BHR,2009,Bahrain,Middle East & North Africa,7.03,69,2
BGD,2009,Bangladesh,South Asia,5.91,122,4
BRD,2009,Barbados,Latin America & the Caribbean,7.35,55,2
BLR,2009,Belarus,Eastern Europe,,,
BEL,2009,Belgium,Western Europe,8.28,20,1
BLZ,2009,Belize,Latin America & the Caribbean,7.21,60,2
BEN,2009,Benin,Sub-Saharan Africa,6.82,84,3
BTN,2009,Bhutan,South Asia,,,
BOL,2009,Bolivia,Latin America & the Caribbean,6.91,75,3
BIH,2009,Bosnia and Herzegovina,Eastern Europe,7.38,54,2
BWA,2009,Botswana,Sub-Saharan Africa,6.74,92,3
BRA,2009,Brazil,Latin America & the Caribbean,7.02,70,2
BRN,2009,Brunei Darussalam,South Asia,,,
BGR,2009,Bulgaria,Eastern Europe,7.88,39,2
BFA,2009,Burkina Faso,Sub-Saharan Africa,6.75,91,3
BDI,2009,Burundi,Sub-Saharan Africa,6.13,114,4
KHM,2009,Cambodia,South Asia,,,
CMR,2009,Cameroon,Sub-Saharan Africa,5.8,125,4
CAN,2009,Canada,North America,8.68,4,1
CPV,2009,Cape Verde,Sub-Saharan Africa,,,
CAF,2009,Central Afr. Rep.,Sub-Saharan Africa,5.53,131,4
TCD,2009,Chad,Sub-Saharan Africa,5.35,136,4
CHL,2009,Chile,Latin America & the Caribbean,8.12,28,1
CHN,2009,China,East Asia,6.06,117,4
COL,2009,Colombia,Latin America & the Caribbean,6.79,88,3
COD,2009,"Congo, Dem. R.",Sub-Saharan Africa,5.36,135,4
COG,2009,"Congo, Rep. Of",Sub-Saharan Africa,5.66,127,4
CRI,2009,Costa Rica,Latin America & the Caribbean,7.81,42,2
CIV,2009,C?te d'Ivoire,Sub-Saharan Africa,6.03,119,4
HRV,2009,Croatia,Eastern Europe,7.64,47,2
CYP,2009,Cyprus,Eastern Europe,8.31,18,1
CZE,2009,Czech Rep.,Eastern Europe,8.29,19,1
DNK,2009,Denmark,Western Europe,8.63,7,1
DOM,2009,Dominican Rep.,Latin America & the Caribbean,6.83,83,3
ECU,2009,Ecuador,Latin America & the Caribbean,6.63,97,3
EGY,2009,Egypt,Middle East & North Africa,5.71,126,4
SLV,2009,El Salvador,Latin America & the Caribbean,7.18,63,2
EST,2009,Estonia,Eastern Europe,8.44,12,1
SWZ,2009,Eswatini,Sub-Saharan Africa,,,
ETH,2009,Ethiopia,Sub-Saharan Africa,5.48,132,4
FJI,2009,Fiji,Oceania,7.23,59,2
FIN,2009,Finland,Western Europe,8.66,6,1
FRA,2009,France,Western Europe,8.25,23,1
GAB,2009,Gabon,Sub-Saharan Africa,5.86,123,4
GMB,2009,"Gambia, The",Sub-Saharan Africa,,,
GEO,2009,Georgia,Caucasus & Central Asia,7.67,46,2
DEU,2009,Germany,Western Europe,8.44,12,1
GHA,2009,Ghana,Sub-Saharan Africa,7.29,58,2
GRC,2009,Greece,Eastern Europe,7.7,45,2
GTM,2009,Guatemala,Latin America & the Caribbean,7.18,63,2
GIN,2009,Guinea,Sub-Saharan Africa,,,
GNB,2009,Guinea-Bissau,Sub-Saharan Africa,6.06,117,4
GUY,2009,Guyana,Latin America & the Caribbean,6.86,80,3
HTI,2009,Haiti,Latin America & the Caribbean,7.02,70,2
HND,2009,Honduras,Latin America & the Caribbean,6.99,72,3
HKG,2009,Hong Kong,East Asia,9.06,1,1
HUN,2009,Hungary,Eastern Europe,8.15,25,1
ISL,2009,Iceland,Western Europe,8.01,33,1
IND,2009,India,South Asia,6.78,89,3
IDN,2009,Indonesia,South Asia,6.88,78,3
IRN,2009,Iran,Middle East & North Africa,5.06,140,4
IRQ,2009,Iraq,Middle East & North Africa,,,
IRL,2009,Ireland,Western Europe,8.39,16,1
ISR,2009,Israel,Middle East & North Africa,7.51,50,2
ITA,2009,Italy,Western Europe,7.97,37,2
JAM,2009,Jamaica,Latin America & the Caribbean,7.19,61,2
JPN,2009,Japan,East Asia,8.26,21,1
JOR,2009,Jordan,Middle East & North Africa,6.63,97,3
KAZ,2009,Kazakhstan,Caucasus & Central Asia,6.9,77,3
KEN,2009,Kenya,Sub-Saharan Africa,6.66,96,3
KOR,2009,"Korea, South",East Asia,8.06,31,1
KWT,2009,Kuwait,Middle East & North Africa,6.63,97,3
KGZ,2009,Kyrgyz Republic,Caucasus & Central Asia,6.62,100,3
LAO,2009,Laos,South Asia,,,
LVA,2009,Latvia,Eastern Europe,7.98,35,1
LBN,2009,Lebanon,Middle East & North Africa,,,
LSO,2009,Lesotho,Sub-Saharan Africa,6.1,116,4
LBR,2009,Liberia,Sub-Saharan Africa,,,
LBY,2009,Libya,Middle East & North Africa,,,
LTU,2009,Lithuania,Eastern Europe,8.01,33,1
LUX,2009,Luxembourg,Western Europe,8.36,17,1
MDG,2009,Madagascar,Sub-Saharan Africa,6.68,95,3
MWI,2009,Malawi,Sub-Saharan Africa,6.73,93,3
MYS,2009,Malaysia,South Asia,6.5,101,3
MLI,2009,Mali,Sub-Saharan Africa,6.16,113,4
MLT,2009,Malta,Western Europe,8.45,10,1
MRT,2009,Mauritania,Sub-Saharan Africa,5.64,129,4
MUS,2009,Mauritius,Sub-Saharan Africa,8.1,29,1
MEX,2009,Mexico,Latin America & the Caribbean,6.87,79,3
MDA,2009,Moldova,Eastern Europe,7.13,66,2
MNG,2009,Mongolia,East Asia,7.3,57,2
MNE,2009,Montenegro,Eastern Europe,7.62,48,2
MAR,2009,Morocco,Middle East & North Africa,6.32,108,4
MOZ,2009,Mozambique,Sub-Saharan Africa,5.97,120,4
MMR,2009,Myanmar,South Asia,5.21,138,4
NAM,2009,Namibia,Sub-Saharan Africa,6.99,72,3
NPL,2009,Nepal,South Asia,6.84,82,3
NLD,2009,Netherlands,Western Europe,8.4,14,1
NZL,2009,New Zealand,Oceania,8.85,2,1
NIC,2009,Nicaragua,Latin America & the Caribbean,7.16,65,2
NER,2009,Niger,Sub-Saharan Africa,6.24,112,4
NGA,2009,Nigeria,Sub-Saharan Africa,5.83,124,4
MKD,2009,North Macedonia,Eastern Europe,7.5,52,2
NOR,2009,Norway,Western Europe,8.49,9,1
OMN,2009,Oman,Middle East & North Africa,6.29,109,4
PAK,2009,Pakistan,South Asia,5.65,128,4
PAN,2009,Panama,Latin America & the Caribbean,7.56,49,2
PNG,2009,Pap. New Guinea,Oceania,6.86,80,3
PRY,2009,Paraguay,Latin America & the Caribbean,6.91,75,3
PER,2009,Peru,Latin America & the Caribbean,7.51,50,2
PHL,2009,Philippines,South Asia,6.8,87,3
POL,2009,Poland,Eastern Europe,8.1,29,1
PRT,2009,Portugal,Western Europe,7.98,35,1
QAT,2009,Qatar,Middle East & North Africa,,,
ROU,2009,Romania,Eastern Europe,8.04,32,1
RUS,2009,Russia,Eastern Europe,6.41,104,3
RWA,2009,Rwanda,Sub-Saharan Africa,7.31,56,2
SAU,2009,Saudi Arabia,Middle East & North Africa,,,
SEN,2009,Senegal,Sub-Saharan Africa,6.4,105,3
SRB,2009,Serbia,Eastern Europe,7.19,61,2
SYC,2009,Seychelles,Sub-Saharan Africa,,,
SLE,2009,Sierra Leone,Sub-Saharan Africa,6.28,111,4
SGP,2009,Singapore,South Asia,8.13,26,1
SVK,2009,Slovak Rep.,Eastern Europe,8.16,24,1
SVN,2009,Slovenia,Eastern Europe,7.87,40,2
ZAF,2009,South Africa,Sub-Saharan Africa,6.81,86,3
ESP,2009,Spain,Western Europe,8.13,26,1
LKA,2009,Sri Lanka,South Asia,5.97,120,4
SDN,2009,Sudan,Sub-Saharan Africa,,,
SUR,2009,Suriname,Latin America & the Caribbean,,,
SWE,2009,Sweden,Western Europe,8.45,10,1
CHE,2009,Switzerland,Western Europe,8.84,3,1
SYR,2009,Syria,Middle East & North Africa,5.43,134,4
TWN,2009,Taiwan,East Asia,7.86,41,2
TJK,2009,Tajikistan,Caucasus & Central Asia,,,
TZA,2009,Tanzania,Sub-Saharan Africa,6.49,102,3
THA,2009,Thailand,South Asia,7.08,67,2
TLS,2009,Timor-Leste,South Asia,,,
TGO,2009,Togo,Sub-Saharan Africa,5.56,130,4
TTO,2009,Trinidad and Tobago,Latin America & the Caribbean,6.77,90,3
TUN,2009,Tunisia,Middle East & North Africa,6.12,115,4
TUR,2009,Turkey,Middle East & North Africa,6.99,72,3
UGA,2009,Uganda,Sub-Saharan Africa,6.39,107,4
UKR,2009,Ukraine,Eastern Europe,6.82,84,3
ARE,2009,United Arab Emirates,Middle East & North Africa,6.45,103,3
GBR,2009,United Kingdom,Western Europe,8.55,8,1
USA,2009,United States,North America,8.26,21,1
URY,2009,Uruguay,Latin America & the Caribbean,7.93,38,2
VEN,2009,Venezuela,Latin America & the Caribbean,5.18,139,4
VNM,2009,Vietnam,South Asia,6.4,105,3
YEM,2009,"Yemen, Rep.",Middle East & North Africa,,,
ZMB,2009,Zambia,Sub-Saharan Africa,6.69,94,3
ZWE,2009,Zimbabwe,Sub-Saharan Africa,4.91,141,4
BLR,2008,Belarus,Eastern Europe,,,
BTN,2008,Bhutan,South Asia,,,
BRN,2008,Brunei Darussalam,South Asia,,,
KHM,2008,Cambodia,South Asia,,,
CPV,2008,Cape Verde,Sub-Saharan Africa,,,
SWZ,2008,Eswatini,Sub-Saharan Africa,,,
GMB,2008,"Gambia, The",Sub-Saharan Africa,,,
GIN,2008,Guinea,Sub-Saharan Africa,,,
IRQ,2008,Iraq,Middle East & North Africa,,,
LAO,2008,Laos,South Asia,,,
LBN,2008,Lebanon,Middle East & North Africa,,,
LBR,2008,Liberia,Sub-Saharan Africa,,,
LBY,2008,Libya,Middle East & North Africa,,,
QAT,2008,Qatar,Middle East & North Africa,,,
SAU,2008,Saudi Arabia,Middle East & North Africa,,,
SYC,2008,Seychelles,Sub-Saharan Africa,,,
SDN,2008,Sudan,Sub-Saharan Africa,,,
SUR,2008,Suriname,Latin America & the Caribbean,,,
TJK,2008,Tajikistan,Caucasus & Central Asia,,,
TLS,2008,Timor-Leste,South Asia,,,
YEM,2008,"Yemen, Rep.",Middle East & North Africa,,,
MMR,2008,Myanmar,South Asia,4.81,141,4
ZWE,2008,Zimbabwe,Sub-Saharan Africa,4.96,140,4
AGO,2008,Angola,Sub-Saharan Africa,5.02,139,4
TCD,2008,Chad,Sub-Saharan Africa,5.23,138,4
COD,2008,"Congo, Dem. R.",Sub-Saharan Africa,5.27,136,4
VEN,2008,Venezuela,Latin America & the Caribbean,5.27,136,4
DZA,2008,Algeria,Middle East & North Africa,5.29,134,4
IRN,2008,Iran,Middle East & North Africa,5.29,134,4
ETH,2008,Ethiopia,Sub-Saharan Africa,5.33,133,4
SYR,2008,Syria,Middle East & North Africa,5.34,132,4
PAK,2008,Pakistan,South Asia,5.44,131,4
MRT,2008,Mauritania,Sub-Saharan Africa,5.52,130,4
COG,2008,"Congo, Rep. Of",Sub-Saharan Africa,5.55,129,4
CAF,2008,Central Afr. Rep.,Sub-Saharan Africa,5.58,128,4
TGO,2008,Togo,Sub-Saharan Africa,5.67,127,4
LKA,2008,Sri Lanka,South Asia,5.69,126,4
BDI,2008,Burundi,Sub-Saharan Africa,5.7,124,4
CMR,2008,Cameroon,Sub-Saharan Africa,5.7,124,4
GAB,2008,Gabon,Sub-Saharan Africa,5.79,123,4
BGD,2008,Bangladesh,South Asia,5.8,122,4
EGY,2008,Egypt,Middle East & North Africa,5.82,121,4
CIV,2008,C?te d'Ivoire,Sub-Saharan Africa,5.95,120,4
GNB,2008,Guinea-Bissau,Sub-Saharan Africa,5.97,119,4
NER,2008,Niger,Sub-Saharan Africa,6,118,4
MLI,2008,Mali,Sub-Saharan Africa,6.07,117,4
NGA,2008,Nigeria,Sub-Saharan Africa,6.1,115,4
TUN,2008,Tunisia,Middle East & North Africa,6.1,115,4
CHN,2008,China,East Asia,6.11,114,4
MOZ,2008,Mozambique,Sub-Saharan Africa,6.14,113,4
LSO,2008,Lesotho,Sub-Saharan Africa,6.16,112,4
MAR,2008,Morocco,Middle East & North Africa,6.24,110,4
SLE,2008,Sierra Leone,Sub-Saharan Africa,6.24,110,4
SEN,2008,Senegal,Sub-Saharan Africa,6.29,109,4
OMN,2008,Oman,Middle East & North Africa,6.3,108,4
VNM,2008,Vietnam,South Asia,6.31,107,4
TZA,2008,Tanzania,Sub-Saharan Africa,6.37,106,3
MYS,2008,Malaysia,South Asia,6.38,105,3
UGA,2008,Uganda,Sub-Saharan Africa,6.4,104,3
AZE,2008,Azerbaijan,Caucasus & Central Asia,6.44,103,3
RUS,2008,Russia,Eastern Europe,6.49,102,3
ARE,2008,United Arab Emirates,Middle East & North Africa,6.56,101,3
JOR,2008,Jordan,Middle East & North Africa,6.59,100,3
DOM,2008,Dominican Rep.,Latin America & the Caribbean,6.6,98,3
KWT,2008,Kuwait,Middle East & North Africa,6.6,98,3
KEN,2008,Kenya,Sub-Saharan Africa,6.61,97,3
KGZ,2008,Kyrgyz Republic,Caucasus & Central Asia,6.65,96,3
ZMB,2008,Zambia,Sub-Saharan Africa,6.67,95,3
GUY,2008,Guyana,Latin America & the Caribbean,6.68,93,3
MWI,2008,Malawi,Sub-Saharan Africa,6.68,93,3
MDG,2008,Madagascar,Sub-Saharan Africa,6.69,92,3
ECU,2008,Ecuador,Latin America & the Caribbean,6.7,91,3
BOL,2008,Bolivia,Latin America & the Caribbean,6.75,90,3
COL,2008,Colombia,Latin America & the Caribbean,6.78,88,3
ZAF,2008,South Africa,Sub-Saharan Africa,6.78,88,3
IND,2008,India,South Asia,6.8,87,3
BWA,2008,Botswana,Sub-Saharan Africa,6.81,83,3
IDN,2008,Indonesia,South Asia,6.81,83,3
TTO,2008,Trinidad and Tobago,Latin America & the Caribbean,6.81,83,3
UKR,2008,Ukraine,Eastern Europe,6.81,83,3
NPL,2008,Nepal,South Asia,6.83,82,3
BFA,2008,Burkina Faso,Sub-Saharan Africa,6.84,81,3
BEN,2008,Benin,Sub-Saharan Africa,6.85,80,3
KAZ,2008,Kazakhstan,Caucasus & Central Asia,6.91,79,3
PHL,2008,Philippines,South Asia,6.92,78,3
MEX,2008,Mexico,Latin America & the Caribbean,6.94,77,3
TUR,2008,Turkey,Middle East & North Africa,6.96,76,3
NAM,2008,Namibia,Sub-Saharan Africa,6.97,75,3
PNG,2008,Pap. New Guinea,Oceania,6.99,74,3
RWA,2008,Rwanda,Sub-Saharan Africa,7,73,3
PRY,2008,Paraguay,Latin America & the Caribbean,7.02,72,3
HTI,2008,Haiti,Latin America & the Caribbean,7.04,71,2
BRA,2008,Brazil,Latin America & the Caribbean,7.05,70,2
ARG,2008,Argentina,Latin America & the Caribbean,7.1,69,2
THA,2008,Thailand,South Asia,7.11,68,2
HND,2008,Honduras,Latin America & the Caribbean,7.13,67,2
BHR,2008,Bahrain,Middle East & North Africa,7.15,66,2
JAM,2008,Jamaica,Latin America & the Caribbean,7.16,65,2
MDA,2008,Moldova,Eastern Europe,7.17,63,2
MNG,2008,Mongolia,East Asia,7.17,63,2
SRB,2008,Serbia,Eastern Europe,7.19,62,2
BRD,2008,Barbados,Latin America & the Caribbean,7.21,59,2
GHA,2008,Ghana,Sub-Saharan Africa,7.21,59,2
GTM,2008,Guatemala,Latin America & the Caribbean,7.21,59,2
NIC,2008,Nicaragua,Latin America & the Caribbean,7.22,58,2
BIH,2008,Bosnia and Herzegovina,Eastern Europe,7.27,57,2
BLZ,2008,Belize,Latin America & the Caribbean,7.37,56,2
SLV,2008,El Salvador,Latin America & the Caribbean,7.4,55,2
ISR,2008,Israel,Middle East & North Africa,7.41,54,2
ARM,2008,Armenia,Caucasus & Central Asia,7.42,53,2
HRV,2008,Croatia,Eastern Europe,7.46,50,2
FJI,2008,Fiji,Oceania,7.46,50,2
PER,2008,Peru,Latin America & the Caribbean,7.46,50,2
GEO,2008,Georgia,Caucasus & Central Asia,7.48,49,2
PAN,2008,Panama,Latin America & the Caribbean,7.53,48,2
MKD,2008,North Macedonia,Eastern Europe,7.55,47,2
MNE,2008,Montenegro,Eastern Europe,7.67,46,2
ALB,2008,Albania,Eastern Europe,7.68,45,2
GRC,2008,Greece,Eastern Europe,7.77,44,2
BGR,2008,Bulgaria,Eastern Europe,7.78,43,2
TWN,2008,Taiwan,East Asia,7.79,42,2
CRI,2008,Costa Rica,Latin America & the Caribbean,7.81,41,2
SVN,2008,Slovenia,Eastern Europe,7.88,40,2
URY,2008,Uruguay,Latin America & the Caribbean,7.93,39,2
LTU,2008,Lithuania,Eastern Europe,7.94,38,2
BHS,2008,Bahamas,Latin America & the Caribbean,7.97,37,2
ROU,2008,Romania,Eastern Europe,8,36,1
ITA,2008,Italy,Western Europe,8.01,35,1
POL,2008,Poland,Eastern Europe,8.02,34,1
SGP,2008,Singapore,South Asia,8.1,33,1
CHL,2008,Chile,Latin America & the Caribbean,8.11,30,1
HUN,2008,Hungary,Eastern Europe,8.11,30,1
PRT,2008,Portugal,Western Europe,8.11,30,1
KOR,2008,"Korea, South",East Asia,8.15,29,1
LVA,2008,Latvia,Eastern Europe,8.16,28,1
MUS,2008,Mauritius,Sub-Saharan Africa,8.18,27,1
ISL,2008,Iceland,Western Europe,8.22,25,1
ESP,2008,Spain,Western Europe,8.22,25,1
FRA,2008,France,Western Europe,8.25,24,1
BEL,2008,Belgium,Western Europe,8.28,23,1
SVK,2008,Slovak Rep.,Eastern Europe,8.29,22,1
CZE,2008,Czech Rep.,Eastern Europe,8.3,21,1
JPN,2008,Japan,East Asia,8.31,20,1
CYP,2008,Cyprus,Eastern Europe,8.39,18,1
USA,2008,United States,North America,8.39,18,1
AUT,2008,Austria,Western Europe,8.42,15,1
DEU,2008,Germany,Western Europe,8.42,15,1
MLT,2008,Malta,Western Europe,8.42,15,1
EST,2008,Estonia,Eastern Europe,8.44,14,1
LUX,2008,Luxembourg,Western Europe,8.46,13,1
IRL,2008,Ireland,Western Europe,8.48,11,1
SWE,2008,Sweden,Western Europe,8.48,11,1
NLD,2008,Netherlands,Western Europe,8.49,10,1
GBR,2008,United Kingdom,Western Europe,8.55,9,1
NOR,2008,Norway,Western Europe,8.61,8,1
CAN,2008,Canada,North America,8.69,7,1
FIN,2008,Finland,Western Europe,8.7,6,1
AUS,2008,Australia,Oceania,8.73,4,1
DNK,2008,Denmark,Western Europe,8.73,4,1
CHE,2008,Switzerland,Western Europe,8.83,3,1
NZL,2008,New Zealand,Oceania,8.94,2,1
HKG,2008,Hong Kong,East Asia,9.12,1,1
